Time of Day,Platform,Customer Type,Ad Spend,Conversions,Daily Revenue,Last_treatment_Period_In_Years,Service Type_Coffee,Service Type_Dress,Service Type_Haircut,Service Type_Plumbing,Category_Service,Category_Subscription
3,0,1,94.34,5,366.74,1.0,0,0,1,0,0,1
3,1,0,92.64,0,330.15,1.0,1,0,0,0,1,0
0,0,1,90.13,3,99.41,1.25,0,0,0,1,0,1
0,1,1,73.7,2,203.81,0.83,0,0,1,0,1,0
0,2,1,6.49,2,497.75,0.58,0,1,0,0,0,0
0,2,1,42.28,3,358.92,0.67,0,0,1,0,0,1
2,0,1,96.01,2,217.92,0.58,0,0,1,0,0,0
2,1,1,29.44,5,74.81,0.5,0,0,1,0,0,0
2,3,1,53.56,5,475.42,1.0,0,0,0,1,1,0
3,3,0,34.0,4,219.9,0.83,0,0,0,0,0,1
0,1,0,70.71,5,131.82,1.0,0,0,0,1,0,0
3,0,1,53.23,0,33.5,1.0,0,0,0,1,1,0
0,2,1,73.6,5,463.67,0.83,1,0,0,0,0,0
0,2,1,52.49,3,387.35,0.5,0,0,0,0,0,0
3,0,0,30.33,1,471.73,1.25,0,0,0,1,0,1
3,2,1,86.16,5,32.15,1.25,0,0,0,1,0,1
2,2,1,69.83,1,174.77,1.17,0,0,1,0,1,0
0,3,1,52.94,0,229.78,0.83,0,0,1,0,0,0
3,1,1,84.65,0,374.64,0.5,0,1,0,0,0,1
1,1,1,85.98,4,180.52,0.5,0,0,0,0,0,0
1,0,1,94.88,2,270.52,0.83,1,0,0,0,0,0
3,0,1,35.67,1,403.23,1.08,0,1,0,0,1,0
3,3,1,85.58,5,29.87,1.17,0,0,1,0,0,1
0,2,1,49.25,5,290.11,1.33,0,0,0,1,1,0
1,3,1,96.71,3,484.68,1.25,0,0,0,1,0,0
3,0,0,51.34,3,247.16,1.0,1,0,0,0,0,1
3,3,0,96.31,3,484.86,1.42,0,0,1,0,0,0
2,2,1,83.75,0,116.74,1.08,0,0,1,0,0,0
2,2,1,50.8,4,325.59,1.42,0,0,1,0,0,0
3,1,1,61.19,5,89.29,0.75,0,0,0,1,1,0
1,3,0,89.22,2,191.84,0.5,0,0,1,0,0,0
2,0,0,2.57,0,437.6,1.08,0,1,0,0,1,0
3,3,0,62.79,1,198.22,1.17,0,0,1,0,0,1
1,2,1,39.68,5,226.28,1.33,0,1,0,0,1,0
3,2,1,40.28,1,97.34,0.83,0,0,0,0,1,0
1,0,1,7.64,4,381.87,0.67,0,0,0,1,0,0
1,2,1,87.17,5,330.32,1.08,0,0,0,0,1,0
2,0,1,63.38,0,303.35,1.17,0,0,1,0,0,1
1,2,0,51.1,3,28.12,1.17,0,0,0,1,0,0
3,2,0,89.49,5,434.76,0.67,0,1,0,0,0,0
1,2,1,74.49,3,117.54,1.42,0,0,0,0,0,0
2,1,1,46.54,1,262.18,1.33,0,1,0,0,0,1
0,3,1,11.05,0,437.6,1.25,0,0,0,0,0,0
2,0,0,25.01,4,494.31,0.67,0,0,0,0,0,1
3,1,0,46.68,0,209.73,1.33,0,0,1,0,1,0
1,1,1,7.42,2,88.21,0.83,0,0,0,1,0,0
1,2,1,53.08,0,386.14,0.75,1,0,0,0,0,0
3,1,0,4.45,1,74.38,1.17,0,0,0,0,1,0
0,3,1,71.77,4,409.5,1.33,1,0,0,0,0,1
0,3,1,98.36,0,350.26,0.83,0,1,0,0,1,0
2,3,0,9.27,5,491.61,0.75,0,0,0,0,0,1
3,1,0,50.72,3,447.17,0.58,0,1,0,0,1,0
2,3,1,3.32,4,388.19,0.58,0,0,0,1,0,0
2,0,1,35.74,0,54.73,1.08,1,0,0,0,0,0
1,2,0,90.29,0,24.64,0.5,0,0,0,1,0,0
0,1,0,59.37,3,94.47,0.83,0,0,0,0,1,0
0,2,1,41.93,0,80.94,1.33,0,0,0,0,0,1
0,3,0,59.41,1,352.16,0.58,0,0,1,0,0,1
3,2,0,34.93,3,76.78,0.58,0,0,0,1,0,0
1,3,1,32.76,2,231.65,0.83,0,1,0,0,0,0
0,3,0,36.1,4,200.65,0.75,0,0,0,1,0,0
0,2,0,19.33,5,172.71,0.83,0,0,1,0,0,0
1,0,0,11.09,3,434.97,1.25,0,0,0,1,0,0
2,3,1,80.35,2,363.86,1.42,0,1,0,0,0,0
1,1,1,78.17,5,488.91,0.83,0,0,1,0,0,0
0,1,0,12.45,3,149.0,1.42,0,0,0,1,0,1
0,2,0,22.36,5,209.01,0.83,0,0,0,0,0,0
3,2,1,83.12,3,135.57,0.75,0,0,0,1,0,0
1,1,1,19.96,0,208.92,0.5,1,0,0,0,0,1
1,1,1,79.05,4,356.42,0.75,0,1,0,0,1,0
3,0,0,10.17,4,336.52,0.83,0,0,0,0,1,0
2,0,1,68.5,3,124.92,1.33,0,0,0,0,0,1
3,2,0,57.72,5,412.14,1.42,0,0,0,0,1,0
3,1,1,44.96,0,446.76,1.0,1,0,0,0,0,0
2,1,0,24.41,4,402.31,1.0,0,0,0,0,0,1
2,0,1,25.99,0,230.2,1.08,0,0,1,0,0,0
2,3,1,95.15,5,311.59,1.08,0,0,0,1,0,1
2,2,1,21.62,0,101.18,0.83,0,0,0,0,1,0
0,0,1,66.16,4,422.96,0.83,0,0,0,0,0,1
1,3,0,82.36,2,271.36,0.5,0,0,0,1,0,0
2,3,0,13.65,4,48.52,0.58,0,0,0,0,0,0
1,1,1,39.49,2,480.36,0.67,0,1,0,0,0,0
2,1,1,10.0,1,423.67,0.5,0,1,0,0,0,0
3,3,0,38.18,3,254.75,0.5,0,0,0,0,0,0
0,3,1,13.04,5,221.7,0.5,1,0,0,0,0,1
0,2,1,1.72,3,134.55,0.83,0,0,0,1,0,1
0,1,0,77.57,3,410.25,0.75,0,0,0,0,0,1
0,2,1,25.13,3,237.56,1.42,1,0,0,0,0,0
0,1,1,13.76,4,390.13,1.17,0,0,1,0,1,0
2,0,1,63.06,5,312.65,0.83,0,0,0,0,0,0
2,1,1,45.74,4,107.29,0.83,0,0,0,0,0,1
3,3,0,31.64,3,24.77,0.5,0,0,0,1,1,0
3,1,0,69.85,5,152.36,1.33,1,0,0,0,1,0
0,2,0,20.83,2,56.95,1.17,0,1,0,0,0,1
2,3,1,47.97,1,52.83,1.33,0,0,0,1,1,0
1,3,0,80.34,2,395.53,0.5,1,0,0,0,0,1
2,2,1,67.68,1,475.9,1.08,0,0,1,0,1,0
3,3,1,75.42,1,30.18,1.0,1,0,0,0,1,0
1,2,0,73.28,3,207.62,1.0,1,0,0,0,0,1
0,3,1,53.54,4,75.87,0.58,1,0,0,0,0,1
1,2,0,43.49,5,274.59,0.83,0,1,0,0,0,1
2,2,0,78.5,4,44.95,1.0,0,0,0,0,1,0
1,3,0,1.86,4,392.83,1.33,0,0,1,0,0,1
3,3,1,19.97,4,262.33,0.83,0,0,0,1,1,0
1,1,0,90.84,1,479.65,0.42,0,0,0,0,0,1
2,1,1,20.89,5,54.85,1.0,0,0,0,1,0,1
1,0,1,34.99,0,308.2,0.5,0,0,0,1,0,0
1,1,0,90.29,4,138.24,1.0,0,0,1,0,0,0
0,2,1,90.16,3,61.81,1.42,0,1,0,0,0,0
3,2,1,84.46,2,124.81,1.17,1,0,0,0,0,0
3,0,1,89.44,1,39.71,0.75,0,1,0,0,1,0
2,0,1,79.95,0,183.85,1.08,0,0,1,0,0,0
1,0,0,23.23,5,474.11,0.5,1,0,0,0,0,1
2,3,1,89.36,4,447.22,0.83,0,0,0,0,0,1
1,3,1,86.35,2,148.39,0.75,1,0,0,0,0,1
3,2,0,10.64,5,485.0,0.83,0,0,1,0,0,1
1,1,0,5.78,3,82.93,1.17,0,0,1,0,0,0
3,0,1,18.14,3,496.91,0.58,0,0,0,1,0,1
2,0,1,86.74,2,435.75,1.33,0,1,0,0,1,0
3,0,1,65.47,0,427.91,0.83,0,0,0,0,0,0
1,1,1,56.87,1,477.47,0.83,0,1,0,0,1,0
3,0,1,84.16,0,204.27,0.42,0,0,0,0,1,0
0,3,0,43.79,5,366.3,1.17,1,0,0,0,1,0
1,2,1,96.86,2,347.72,0.83,1,0,0,0,1,0
3,0,1,7.96,0,281.54,1.42,0,0,0,0,0,1
1,3,1,26.05,5,177.81,1.33,0,0,1,0,0,0
2,0,0,4.88,3,238.57,0.67,0,0,0,0,0,1
1,2,1,26.18,0,301.99,1.42,0,1,0,0,1,0
3,1,0,38.31,5,270.72,1.25,0,0,1,0,0,1
0,1,0,32.5,4,240.17,0.83,1,0,0,0,0,0
2,0,0,38.23,3,25.52,0.75,0,0,1,0,1,0
2,1,1,69.74,3,203.33,1.42,0,0,0,0,0,1
2,2,1,62.31,4,84.96,0.5,0,1,0,0,0,0
3,1,1,28.71,2,170.59,1.33,0,0,1,0,1,0
2,2,0,81.36,4,414.52,1.17,0,1,0,0,1,0
0,1,0,30.1,2,218.55,1.0,0,0,0,0,0,0
1,1,0,21.71,2,216.33,0.83,0,0,0,1,1,0
0,3,1,22.17,1,420.33,0.42,1,0,0,0,1,0
1,2,1,28.29,0,280.02,1.0,1,0,0,0,0,0
2,0,0,76.94,1,221.37,1.0,0,0,0,0,1,0
2,0,0,5.97,0,280.84,1.17,0,0,1,0,0,1
0,0,0,65.92,2,382.37,0.83,0,1,0,0,1,0
1,1,1,66.01,1,304.38,0.58,0,0,0,0,1,0
2,0,0,98.66,2,138.68,0.5,0,0,1,0,0,1
2,3,0,94.94,5,450.38,0.5,0,0,0,1,0,0
3,0,0,80.26,1,494.19,1.25,0,0,1,0,0,0
1,1,1,65.05,3,175.51,1.25,0,0,0,1,0,1
3,0,0,98.6,3,277.19,0.67,0,0,0,0,0,1
0,2,0,60.87,4,440.14,1.25,0,0,1,0,0,0
3,1,1,45.8,0,235.44,0.83,1,0,0,0,0,0
0,2,1,11.16,0,371.83,0.42,1,0,0,0,1,0
2,2,1,60.6,2,89.01,1.25,0,0,0,0,0,0
3,2,0,32.93,0,332.52,1.25,0,0,0,1,0,0
3,2,1,99.72,2,404.68,1.08,0,0,0,1,0,0
3,1,1,84.86,1,450.27,1.17,0,0,1,0,0,1
3,1,1,33.65,3,411.28,1.08,1,0,0,0,0,1
1,3,0,19.33,2,44.83,1.17,1,0,0,0,1,0
2,3,1,57.72,5,249.5,1.33,1,0,0,0,1,0
0,1,1,61.29,1,282.12,0.75,0,0,1,0,0,1
2,0,0,67.23,4,166.86,0.58,1,0,0,0,1,0
3,1,0,57.56,0,164.22,1.33,0,0,0,1,1,0
0,1,1,50.09,4,407.7,0.75,1,0,0,0,0,1
0,2,0,67.32,5,87.65,1.42,0,1,0,0,0,0
3,3,1,90.52,4,76.55,0.83,0,1,0,0,0,0
1,3,1,34.38,5,467.68,1.25,0,0,1,0,0,1
2,0,1,8.07,2,335.26,1.25,0,0,0,0,1,0
3,1,1,1.81,4,196.43,1.42,0,0,1,0,1,0
3,0,1,28.5,1,364.77,1.42,0,0,0,0,0,1
2,0,0,22.86,1,334.44,1.08,0,0,0,0,1,0
0,0,1,97.24,0,169.41,0.5,0,1,0,0,1,0
3,1,0,87.74,0,140.37,1.33,1,0,0,0,1,0
3,3,0,65.92,4,112.49,1.08,0,0,0,1,1,0
2,3,0,66.9,0,48.3,0.58,0,0,0,0,1,0
1,2,1,83.07,4,488.67,1.33,0,1,0,0,1,0
0,2,1,84.64,1,56.09,1.33,1,0,0,0,1,0
0,3,1,7.3,3,282.49,1.42,0,0,0,0,0,1
1,3,1,15.68,1,432.99,0.58,0,1,0,0,0,1
0,2,0,93.06,2,473.31,0.5,0,0,0,0,1,0
0,2,0,68.83,5,374.88,1.17,1,0,0,0,1,0
0,2,1,88.61,5,36.31,0.83,0,1,0,0,0,0
2,1,0,38.35,5,110.03,1.0,0,0,0,0,0,1
2,0,1,93.12,2,188.18,0.83,0,1,0,0,0,1
2,3,1,97.91,5,424.98,0.75,0,0,0,1,0,1
3,3,1,68.03,2,346.56,1.42,0,0,0,0,1,0
3,1,0,50.39,5,58.18,0.75,0,0,0,0,1,0
1,0,0,18.19,1,456.98,1.17,1,0,0,0,0,1
0,1,1,37.22,5,282.3,1.08,0,0,0,1,1,0
2,3,0,53.92,0,212.08,1.25,0,0,0,1,0,1
2,2,0,87.05,3,302.32,0.83,0,1,0,0,1,0
3,3,0,62.1,0,381.14,0.75,0,0,1,0,0,1
2,0,1,75.1,3,122.75,1.08,0,0,0,1,0,0
3,2,1,85.54,3,227.76,1.25,0,1,0,0,0,0
0,2,0,89.23,4,442.21,0.67,0,0,1,0,0,1
1,3,1,60.54,1,475.71,1.0,0,0,1,0,0,1
1,0,0,69.69,1,368.12,0.83,0,0,1,0,0,0
3,3,1,3.6,1,155.58,0.58,0,0,0,1,1,0
3,0,1,19.44,4,56.16,0.83,1,0,0,0,0,1
3,0,1,4.35,1,442.93,1.08,1,0,0,0,0,0
0,0,0,56.62,1,412.79,0.67,1,0,0,0,0,1
1,0,0,74.07,5,293.79,1.08,0,1,0,0,0,1
3,1,1,81.32,2,194.77,1.25,0,1,0,0,0,1
2,0,1,11.56,5,497.09,0.67,0,0,0,0,1,0
2,1,1,6.64,0,385.52,0.75,0,0,0,0,0,0
1,3,0,90.98,3,246.1,1.08,0,1,0,0,0,0
2,0,0,69.93,2,441.14,0.58,0,0,1,0,1,0
1,2,1,39.28,1,406.75,1.0,0,1,0,0,0,0
1,1,0,79.3,2,470.8,1.08,0,0,0,1,0,0
1,0,0,41.06,0,415.91,1.25,0,0,0,0,1,0
1,1,1,3.29,4,439.24,0.5,0,1,0,0,0,1
2,1,0,77.85,3,37.15,1.0,0,0,0,1,1,0
3,3,1,91.79,1,494.3,1.17,0,0,0,1,1,0
0,3,0,16.41,0,429.55,0.83,1,0,0,0,0,1
3,1,1,68.4,5,163.14,0.75,1,0,0,0,0,1
3,1,1,60.12,2,22.11,1.33,0,0,0,1,1,0
2,3,1,79.86,1,183.43,0.83,0,0,1,0,0,0
3,0,0,59.33,4,308.89,0.83,0,0,0,0,0,1
1,3,0,49.71,1,147.42,0.5,0,1,0,0,1,0
2,1,0,77.35,3,397.69,1.25,0,0,0,0,0,1
1,1,1,95.38,3,407.2,1.0,0,0,0,1,1,0
0,3,0,49.9,0,264.69,0.83,0,0,0,1,1,0
0,3,0,25.82,0,128.19,0.5,0,1,0,0,1,0
1,1,1,23.71,2,148.63,1.08,0,1,0,0,0,0
0,1,0,10.15,4,32.93,0.67,0,0,0,1,0,1
1,1,0,47.12,0,393.17,0.83,1,0,0,0,0,1
2,0,1,36.19,3,309.57,0.67,0,0,0,1,0,0
3,1,0,48.44,1,312.01,1.33,0,0,0,1,0,1
3,0,1,64.31,0,382.18,0.67,0,0,0,0,0,0
3,0,1,72.11,4,134.32,1.33,1,0,0,0,1,0
0,2,1,81.15,4,134.82,1.33,0,0,0,0,0,1
1,2,1,79.43,1,360.13,1.33,0,1,0,0,0,1
2,3,1,9.7,1,62.28,0.58,0,0,0,1,1,0
1,0,0,25.08,5,21.02,0.83,1,0,0,0,0,1
1,3,1,55.91,1,188.01,1.08,0,0,0,1,0,1
0,0,0,42.66,4,409.7,0.5,1,0,0,0,0,0
1,0,0,68.01,5,325.42,1.25,0,0,0,0,1,0
3,3,0,2.41,3,39.36,0.5,0,0,0,1,0,1
0,1,0,50.85,3,310.43,1.17,0,0,0,0,0,0
0,0,1,58.1,2,405.16,0.75,0,0,0,1,1,0
3,0,1,81.58,4,430.53,0.67,0,1,0,0,0,0
1,1,0,14.08,2,376.84,0.58,0,0,1,0,1,0
0,0,1,40.16,4,302.83,0.5,1,0,0,0,0,0
2,2,0,63.07,5,245.47,1.25,1,0,0,0,1,0
1,3,0,32.8,4,62.82,1.33,0,1,0,0,0,0
0,1,0,67.67,3,211.08,1.25,1,0,0,0,0,1
0,2,0,12.58,3,476.15,1.42,1,0,0,0,1,0
0,0,1,60.94,0,315.43,0.83,0,0,0,1,0,1
1,1,0,2.81,0,366.32,0.5,0,0,0,0,0,1
2,2,0,33.97,5,250.79,0.75,0,1,0,0,1,0
1,2,1,44.5,2,484.7,0.83,1,0,0,0,0,1
2,3,0,7.12,0,100.87,0.5,0,0,0,0,0,1
2,2,1,44.99,5,172.01,0.5,0,1,0,0,0,1
0,3,1,23.32,4,65.99,0.67,0,0,0,1,1,0
2,3,0,66.15,3,268.59,1.17,0,0,1,0,0,0
3,2,1,17.3,0,357.24,0.58,0,0,0,0,1,0
3,2,0,79.02,0,361.48,1.0,0,0,0,1,0,0
3,2,0,74.51,0,246.6,1.0,1,0,0,0,0,1
3,1,1,92.62,0,216.64,0.75,0,0,1,0,0,1
1,2,0,31.99,3,203.28,1.33,0,0,0,0,1,0
1,1,1,77.6,0,250.11,0.75,0,0,1,0,0,1
0,3,0,82.31,0,481.51,0.83,0,0,1,0,0,1
0,0,0,19.16,5,366.53,0.5,0,0,0,1,1,0
2,3,1,86.05,3,487.35,1.17,0,0,0,0,1,0
1,1,1,74.05,0,369.95,1.25,0,0,0,0,1,0
3,2,1,61.61,5,95.8,1.25,0,0,1,0,0,0
3,2,0,19.56,5,48.44,1.08,0,0,0,0,0,1
0,2,0,13.61,2,273.91,0.5,0,0,0,0,1,0
0,2,0,95.43,4,457.48,1.42,0,0,1,0,0,1
1,0,1,34.64,3,283.96,0.83,0,0,0,1,0,1
0,0,1,80.49,3,138.82,1.17,0,0,1,0,0,0
0,2,1,33.03,2,197.27,0.67,0,0,0,1,0,0
2,3,1,89.23,2,140.57,0.5,1,0,0,0,1,0
1,0,1,33.2,4,385.54,0.75,0,1,0,0,0,1
3,2,1,57.34,5,143.1,1.33,0,0,0,0,0,0
3,3,0,3.08,1,315.64,1.08,0,0,1,0,0,1
3,2,0,5.46,2,274.23,0.5,0,1,0,0,0,1
2,1,1,55.55,4,91.55,1.33,1,0,0,0,1,0
1,3,1,28.33,2,422.4,0.75,1,0,0,0,1,0
0,0,0,76.08,2,173.79,1.33,0,1,0,0,1,0
1,2,0,1.85,1,81.51,1.25,0,0,0,0,1,0
2,1,1,20.14,5,268.06,1.08,0,0,1,0,0,1
3,3,1,34.2,0,124.77,0.75,0,0,1,0,0,1
3,2,1,21.67,4,451.96,0.83,0,0,0,1,0,1
2,1,1,3.32,4,236.26,0.83,0,0,0,0,1,0
3,1,1,11.26,2,137.81,0.58,0,0,0,0,1,0
1,2,0,7.5,0,89.35,0.75,0,0,0,0,1,0
0,3,1,27.08,2,308.03,0.58,0,0,0,0,0,1
0,0,0,7.2,0,213.28,0.58,1,0,0,0,0,1
2,2,1,51.54,3,185.32,0.67,0,1,0,0,1,0
0,2,1,22.58,3,496.84,0.58,0,0,0,1,1,0
1,2,1,28.05,0,361.34,0.83,0,0,0,1,0,0
1,2,0,16.87,4,307.81,1.08,0,0,0,0,0,1
1,3,1,34.63,3,386.73,1.08,1,0,0,0,1,0
3,0,0,1.65,3,158.79,1.08,0,0,0,0,0,1
2,0,1,46.3,3,331.85,0.75,0,0,0,0,1,0
0,1,1,86.56,1,90.19,0.5,0,0,0,1,1,0
3,3,0,29.49,0,382.65,1.08,1,0,0,0,0,1
1,2,0,62.33,2,202.6,1.42,0,0,0,1,0,0
0,2,1,77.11,1,31.4,0.5,0,0,0,1,0,0
0,1,0,93.08,0,187.19,1.17,0,0,1,0,0,0
1,3,0,1.91,4,346.01,1.33,0,1,0,0,0,1
0,1,0,67.21,5,347.5,0.75,0,0,0,1,1,0
0,0,0,89.01,2,359.07,1.25,0,0,0,1,1,0
3,2,1,87.31,0,83.45,1.08,0,1,0,0,0,1
1,3,1,17.02,3,463.35,0.58,0,0,1,0,0,1
1,2,0,34.69,3,127.67,0.67,0,0,0,1,0,1
3,3,0,94.17,4,325.27,1.17,0,0,0,1,0,1
2,1,1,29.38,5,401.35,0.75,0,0,1,0,0,1
0,3,1,38.09,0,425.3,0.75,0,0,1,0,0,1
1,3,0,59.13,2,157.97,0.5,0,1,0,0,0,0
0,0,1,21.41,0,160.38,0.83,0,0,0,1,0,0
3,2,0,48.44,3,421.62,0.5,0,0,0,0,0,1
1,3,1,90.62,4,88.32,1.17,0,0,0,0,0,1
0,2,0,10.65,5,225.89,0.5,0,0,0,0,1,0
1,2,0,34.9,3,495.64,1.25,0,0,0,1,1,0
0,1,1,99.18,3,317.12,0.75,0,0,0,0,0,1
2,2,1,69.92,0,77.95,1.08,1,0,0,0,0,1
1,3,1,39.94,2,354.67,0.58,0,1,0,0,0,1
1,3,0,56.57,3,284.78,0.83,0,0,0,0,1,0
0,2,1,98.45,4,30.11,1.0,1,0,0,0,0,0
1,3,1,99.99,2,67.98,1.0,0,0,0,0,0,0
0,3,1,2.33,5,93.57,0.5,0,0,1,0,0,1
2,1,1,55.79,1,236.3,0.58,0,0,0,0,0,1
3,3,0,80.14,4,487.17,0.75,0,0,0,0,0,1
3,2,0,37.76,5,212.43,1.0,0,1,0,0,0,1
2,2,1,31.8,0,235.12,1.25,0,0,1,0,0,1
0,3,0,14.06,0,73.88,0.67,0,0,1,0,1,0
3,0,1,46.3,2,300.52,0.58,0,0,0,1,0,1
0,3,1,73.07,3,260.84,1.25,0,0,0,1,1,0
1,1,0,50.65,1,332.57,1.33,0,0,0,0,0,0
3,0,1,94.1,0,457.91,0.67,0,0,1,0,1,0
2,0,0,87.92,2,105.69,0.75,0,0,0,0,0,0
0,1,1,42.52,2,343.35,1.0,0,0,0,0,1,0
2,3,0,32.4,1,487.8,1.08,0,0,1,0,0,0
2,0,1,76.72,4,268.92,0.83,0,1,0,0,0,0
0,1,0,34.12,0,126.87,0.83,0,0,0,0,0,0
0,3,1,59.88,0,177.26,1.25,0,0,0,1,0,1
0,2,0,5.34,3,66.02,0.67,1,0,0,0,0,0
0,3,0,56.42,4,425.08,0.75,0,0,1,0,0,1
3,3,0,13.4,4,272.38,1.33,1,0,0,0,0,1
2,2,0,42.31,0,267.97,1.08,0,0,1,0,1,0
1,1,1,52.3,3,133.07,0.83,0,0,1,0,0,1
3,0,0,62.96,4,192.19,0.67,0,1,0,0,0,1
2,2,1,82.36,4,417.6,1.0,0,0,0,1,1,0
2,1,0,52.7,3,318.63,0.58,0,0,0,1,1,0
0,1,0,98.89,0,371.15,1.25,0,1,0,0,0,0
3,1,0,73.39,3,147.32,0.83,0,0,1,0,1,0
1,0,1,46.96,5,409.03,0.83,1,0,0,0,0,1
1,3,1,8.74,1,352.8,1.33,0,0,0,1,1,0
2,0,0,51.67,1,426.35,0.75,0,0,1,0,1,0
3,1,1,80.61,2,325.69,0.58,1,0,0,0,0,1
3,1,1,17.43,0,441.53,1.33,0,1,0,0,1,0
1,3,1,0.34,0,263.51,0.58,0,0,1,0,1,0
3,0,1,56.64,4,411.1,1.42,0,0,0,1,0,0
3,2,0,73.51,2,327.61,0.83,0,0,0,0,0,1
3,2,1,40.69,5,194.02,0.67,0,1,0,0,0,1
3,3,0,12.96,3,363.15,0.67,0,0,0,1,0,1
3,3,0,64.15,0,230.62,1.08,0,0,1,0,1,0
2,0,1,37.34,3,61.17,1.08,1,0,0,0,0,0
1,0,1,40.48,3,74.69,0.58,0,0,0,0,0,1
1,3,0,49.03,4,119.32,0.83,0,1,0,0,0,0
1,3,0,40.96,5,405.94,1.25,1,0,0,0,1,0
3,3,1,10.32,1,382.14,1.33,1,0,0,0,0,0
3,3,1,10.81,4,414.33,0.75,0,1,0,0,0,0
3,1,1,52.35,5,365.38,0.83,0,0,1,0,0,0
0,0,1,27.74,5,326.67,0.67,0,0,0,1,0,1
0,3,1,95.65,2,166.91,1.33,0,0,1,0,0,0
1,3,0,80.36,0,214.12,0.83,0,0,0,1,1,0
3,1,1,77.12,0,370.76,1.25,0,0,0,0,1,0
0,2,0,32.45,0,152.47,1.33,0,0,0,1,0,0
2,0,1,36.7,1,123.95,0.5,0,0,0,0,1,0
3,1,1,49.08,2,433.67,1.25,0,0,1,0,0,1
3,0,0,62.75,1,231.98,0.75,0,0,0,1,1,0
2,1,0,53.34,0,159.25,0.83,0,1,0,0,0,1
0,1,1,8.68,2,300.12,1.08,0,0,0,0,0,1
1,3,1,56.29,2,376.24,0.58,0,1,0,0,0,1
3,1,1,57.39,3,29.86,0.58,1,0,0,0,0,0
3,0,1,65.25,5,330.57,1.17,0,0,0,0,1,0
3,3,1,23.8,5,174.94,0.75,0,0,0,0,0,1
3,0,1,45.98,0,290.3,1.17,0,0,1,0,1,0
0,3,0,54.56,0,240.13,0.75,0,0,1,0,1,0
1,1,0,48.5,5,240.6,0.83,0,0,0,0,1,0
3,2,0,71.0,5,258.84,1.17,0,1,0,0,0,1
2,3,1,3.71,1,430.39,1.33,0,0,0,1,1,0
0,1,0,98.8,2,214.15,0.75,0,0,1,0,0,0
3,3,1,41.52,1,486.21,0.83,1,0,0,0,1,0
3,0,0,81.54,2,147.35,1.33,1,0,0,0,0,0
2,3,0,58.24,1,44.13,0.5,1,0,0,0,0,0
3,0,0,33.95,4,51.09,0.5,1,0,0,0,0,0
2,2,1,33.19,3,306.15,1.0,0,1,0,0,0,1
2,0,0,35.19,4,187.01,1.0,1,0,0,0,0,0
1,1,0,77.89,1,257.0,1.08,1,0,0,0,1,0
3,1,1,86.66,5,283.57,1.17,0,0,0,0,0,0
3,0,1,11.31,1,32.95,1.42,0,1,0,0,0,0
0,0,0,84.46,0,493.26,1.42,0,0,0,0,0,1
1,2,1,51.25,0,285.45,0.83,0,0,0,0,1,0
3,0,0,40.42,4,150.14,1.17,1,0,0,0,1,0
1,0,1,42.33,3,150.53,0.5,0,0,0,1,0,0
3,1,1,16.21,4,56.54,0.83,0,0,0,0,1,0
0,2,1,58.19,3,216.38,1.17,0,1,0,0,1,0
1,0,1,11.73,2,278.67,1.33,0,0,0,1,0,0
3,0,1,8.38,3,233.88,0.75,0,0,0,1,1,0
2,0,1,76.35,4,499.46,0.83,0,0,0,1,0,0
2,0,0,74.35,3,104.15,0.83,1,0,0,0,0,1
1,2,0,76.82,1,243.05,1.0,0,0,0,0,1,0
2,3,0,50.37,5,86.59,1.42,0,0,0,0,1,0
2,1,1,80.03,5,405.84,0.83,0,0,1,0,1,0
3,2,0,15.77,2,70.7,1.25,0,0,1,0,0,1
0,2,0,76.0,4,95.07,1.17,0,1,0,0,1,0
3,1,0,78.13,2,120.93,1.25,0,0,0,0,1,0
3,1,0,2.08,2,255.38,1.08,0,1,0,0,0,1
2,2,0,15.43,5,82.32,1.33,1,0,0,0,0,0
2,1,0,77.24,4,488.08,0.75,0,0,1,0,1,0
2,3,1,83.46,4,421.55,0.75,1,0,0,0,0,0
2,2,0,65.9,0,226.92,0.67,0,1,0,0,1,0
1,2,1,39.75,2,91.32,0.83,0,0,1,0,0,0
1,0,0,25.61,4,91.4,1.25,0,0,0,0,0,0
1,2,1,35.81,3,444.41,0.5,0,1,0,0,0,0
3,2,1,59.84,3,455.78,0.75,0,1,0,0,0,0
2,2,1,88.84,2,117.93,1.25,0,0,0,0,0,0
3,1,0,80.24,4,201.04,0.75,0,0,0,0,0,0
2,3,1,60.86,2,121.81,1.17,0,0,0,1,0,0
2,0,0,86.11,1,441.05,1.08,1,0,0,0,0,1
3,2,1,64.21,2,233.98,0.75,0,1,0,0,0,1
0,3,0,52.7,4,209.65,0.67,0,1,0,0,0,0
1,3,0,6.32,4,297.53,0.83,1,0,0,0,0,1
3,3,0,28.62,1,289.08,0.67,0,0,0,1,1,0
3,1,0,81.27,0,332.7,0.58,1,0,0,0,0,0
3,1,1,26.24,4,438.59,1.33,0,0,0,1,0,1
1,2,0,23.31,1,256.15,0.75,1,0,0,0,0,0
2,0,1,29.37,2,213.83,1.33,0,0,0,1,0,1
1,3,1,68.17,3,278.98,1.42,1,0,0,0,1,0
1,2,0,90.06,0,78.11,0.5,0,0,0,0,1,0
3,2,0,27.92,3,379.58,0.83,0,1,0,0,1,0
2,3,1,18.27,2,121.65,1.42,0,0,0,1,0,1
1,2,1,11.62,1,484.12,0.75,1,0,0,0,0,1
0,1,0,33.65,2,361.22,0.67,0,1,0,0,1,0
3,2,1,88.78,1,179.52,1.08,1,0,0,0,0,1
2,1,1,67.42,1,349.33,0.83,0,1,0,0,0,0
2,1,1,49.87,4,453.11,0.58,0,0,0,0,1,0
2,1,0,86.03,0,425.3,0.67,0,1,0,0,1,0
1,3,1,69.33,4,95.64,1.42,1,0,0,0,0,0
1,3,1,69.71,4,152.66,1.17,0,1,0,0,0,1
1,2,1,24.62,2,50.72,1.42,0,1,0,0,0,0
1,1,0,40.91,0,452.9,0.67,1,0,0,0,0,0
2,3,0,2.47,1,428.26,1.0,1,0,0,0,1,0
0,2,1,83.43,4,478.83,0.83,1,0,0,0,0,1
0,1,1,94.42,0,203.4,0.83,0,0,1,0,0,0
1,1,0,29.64,1,174.96,0.83,0,0,1,0,1,0
1,2,0,55.83,2,277.64,0.83,0,1,0,0,1,0
2,1,1,46.9,0,436.74,0.58,0,0,0,0,1,0
3,0,0,38.85,1,498.68,1.42,0,1,0,0,0,0
1,2,1,75.11,1,498.48,1.33,1,0,0,0,0,0
3,1,1,70.04,5,152.81,1.0,0,0,0,0,0,1
1,0,1,72.48,3,135.26,1.25,0,0,0,0,0,0
2,3,1,85.95,5,107.94,1.08,0,0,0,1,0,1
0,3,0,18.67,1,498.61,0.75,0,0,0,0,0,1
1,0,0,77.57,2,261.12,0.83,0,0,0,1,0,0
1,1,1,86.51,2,240.32,1.25,0,0,0,0,1,0
3,2,0,47.46,3,451.86,1.0,1,0,0,0,1,0
0,1,1,8.58,5,36.45,1.25,0,0,0,1,0,0
1,1,0,18.14,3,354.93,1.08,0,0,0,0,1,0
2,2,0,98.16,5,348.82,0.83,0,1,0,0,0,0
2,2,0,47.83,5,105.27,1.33,0,1,0,0,0,1
1,2,1,16.05,1,298.15,0.58,0,0,0,1,0,0
1,3,1,28.48,1,318.68,1.42,0,0,0,1,1,0
3,2,0,39.53,1,436.42,0.67,0,0,1,0,1,0
1,3,1,15.68,3,385.83,1.42,0,1,0,0,0,1
1,0,0,91.26,1,486.38,1.33,0,0,1,0,0,0
0,1,0,53.19,2,62.9,1.33,0,1,0,0,0,0
2,3,0,21.03,3,119.07,1.33,1,0,0,0,1,0
0,1,0,22.93,2,468.26,0.83,0,0,0,0,1,0
0,3,0,31.23,5,263.18,1.25,1,0,0,0,1,0
2,2,0,77.05,0,380.58,0.67,0,1,0,0,0,1
0,2,1,51.65,5,63.03,0.83,1,0,0,0,0,0
2,3,1,61.47,4,245.65,0.83,1,0,0,0,0,1
1,1,0,6.33,3,25.64,1.08,0,0,0,1,1,0
3,1,1,48.32,2,464.07,1.25,1,0,0,0,0,1
3,3,1,3.57,0,184.5,1.33,0,1,0,0,0,0
2,1,0,42.22,0,30.37,0.83,0,1,0,0,1,0
3,3,1,89.75,0,352.45,0.83,0,0,0,1,0,1
3,1,1,47.39,2,394.03,1.08,0,0,0,0,0,0
2,2,0,5.44,0,246.45,1.08,0,0,1,0,0,0
1,3,0,88.41,5,249.75,1.33,0,1,0,0,1,0
0,3,0,19.68,1,43.38,1.08,0,0,0,0,0,1
0,2,1,17.21,5,322.44,0.67,1,0,0,0,0,1
0,1,0,16.41,0,379.5,1.42,0,0,0,0,0,1
3,2,0,58.01,2,46.09,1.17,0,0,0,0,0,1
3,1,0,97.12,5,215.14,1.0,0,1,0,0,0,0
1,1,0,13.66,3,208.88,0.58,0,1,0,0,1,0
1,2,1,9.05,0,177.51,1.17,0,1,0,0,0,1
2,3,0,39.93,4,273.62,0.83,1,0,0,0,0,1
3,2,1,60.47,0,185.93,1.33,0,0,0,0,0,0
0,0,1,20.45,4,215.99,0.5,0,0,0,0,0,0
0,0,1,68.2,3,57.87,1.33,0,0,0,0,0,0
2,1,1,49.71,3,143.57,0.67,0,0,0,1,0,1
0,0,1,81.03,0,126.21,0.67,0,0,0,0,0,0
1,0,1,25.47,5,247.02,0.58,0,0,1,0,0,1
2,1,1,21.99,5,150.89,0.67,0,0,0,1,0,0
0,3,1,82.5,3,230.32,1.33,1,0,0,0,0,0
2,2,1,84.48,4,390.7,1.42,0,0,0,1,0,1
1,1,0,53.76,3,392.56,0.83,1,0,0,0,0,1
2,1,0,94.85,4,405.05,1.17,0,0,1,0,0,0
1,0,1,55.31,5,46.98,0.5,0,0,0,0,1,0
1,2,0,83.57,0,220.18,0.58,0,0,0,1,0,0
0,3,0,92.8,4,454.73,1.25,0,0,0,1,0,0
1,2,1,12.71,4,195.23,0.83,0,0,1,0,1,0
0,1,0,62.74,2,414.44,1.25,0,1,0,0,0,0
3,2,0,90.52,5,87.38,0.67,0,1,0,0,0,0
2,1,0,64.13,2,160.8,0.67,0,0,0,0,0,0
2,0,1,75.94,2,32.44,1.08,1,0,0,0,1,0
0,1,0,51.94,5,42.37,0.58,0,0,0,0,0,1
0,0,0,12.64,0,335.26,0.83,1,0,0,0,0,0
1,2,1,38.29,1,282.53,0.83,1,0,0,0,0,1
0,3,1,26.52,2,230.06,1.08,0,1,0,0,0,0
1,0,0,2.17,1,67.49,0.58,0,0,0,1,1,0
0,0,1,27.5,1,449.09,0.5,0,0,0,1,1,0
2,0,1,61.62,1,300.65,0.67,0,0,0,1,0,1
0,1,0,53.39,1,284.53,0.75,0,0,0,0,0,1
0,0,1,87.58,0,114.13,1.42,0,0,0,1,0,1
0,3,0,19.27,5,84.29,1.08,0,0,0,0,0,0
0,0,0,28.93,0,479.21,1.33,1,0,0,0,1,0
0,0,1,55.35,4,80.47,1.08,1,0,0,0,1,0
2,0,1,64.21,1,157.81,1.17,0,0,0,0,0,0
1,0,1,19.32,1,67.93,0.83,0,1,0,0,1,0
2,3,1,29.39,2,122.23,0.58,0,0,0,0,1,0
0,1,0,97.74,4,107.21,0.58,0,0,0,0,1,0
2,0,1,43.45,3,47.88,1.17,1,0,0,0,1,0
3,0,0,28.85,0,363.29,1.08,0,1,0,0,0,0
0,2,0,66.64,3,355.94,0.5,1,0,0,0,1,0
0,3,0,26.68,0,36.17,0.75,0,0,1,0,1,0
0,2,1,81.12,3,341.73,0.83,0,0,1,0,0,0
0,2,0,90.34,4,472.28,1.08,0,1,0,0,1,0
2,1,0,10.09,2,210.04,0.75,0,1,0,0,1,0
3,0,0,39.11,3,81.13,0.83,0,0,0,0,0,1
3,1,1,1.82,5,462.42,0.67,0,0,0,0,0,1
3,0,0,65.7,3,414.33,1.17,0,0,0,1,0,0
0,1,0,67.67,3,67.99,1.17,1,0,0,0,0,0
2,3,0,53.97,0,107.76,1.33,0,1,0,0,1,0
1,1,0,61.05,4,479.14,0.83,0,0,1,0,0,0
1,0,0,47.76,3,275.74,0.75,0,0,0,1,0,1
2,2,0,44.53,2,43.03,1.17,0,0,1,0,0,1
1,3,0,54.78,5,208.79,1.25,0,0,0,1,1,0
2,2,0,39.99,5,404.47,1.25,0,0,0,1,0,1
3,3,0,39.68,4,115.47,1.25,0,1,0,0,0,1
3,1,0,50.58,5,98.87,1.08,0,1,0,0,1,0
3,3,1,37.64,1,329.64,1.0,0,0,0,1,0,1
1,1,0,91.6,5,81.1,0.83,0,0,0,0,1,0
3,0,0,35.48,5,295.86,1.17,0,1,0,0,1,0
2,0,1,16.75,4,144.59,1.25,0,0,0,1,0,1
0,2,0,31.23,3,283.42,1.42,0,0,0,1,0,1
0,3,0,68.01,1,67.57,1.33,1,0,0,0,1,0
2,1,0,43.88,3,41.73,0.5,0,0,1,0,1,0
2,1,0,65.86,2,277.92,0.5,0,1,0,0,0,1
0,0,1,12.07,1,75.21,1.33,0,0,0,0,0,1
0,3,0,38.6,0,164.67,0.83,0,0,0,0,0,0
1,3,0,94.81,5,264.85,0.5,0,0,0,1,1,0
3,2,1,77.98,4,306.93,0.83,0,1,0,0,1,0
0,1,1,58.28,0,490.79,1.33,0,1,0,0,0,1
3,2,1,71.31,3,163.01,0.5,0,0,0,0,0,0
2,1,1,63.8,1,302.39,1.33,0,0,0,1,0,0
0,1,0,40.49,2,318.41,1.25,0,0,0,1,0,0
0,1,0,96.12,2,318.84,1.42,0,1,0,0,0,0
0,0,0,34.08,0,35.82,1.25,0,0,1,0,0,1
3,1,1,46.66,1,184.55,0.58,0,0,0,0,0,0
0,2,1,16.94,2,297.75,1.25,0,1,0,0,1,0
2,2,1,36.73,5,136.75,1.17,0,0,1,0,0,1
0,0,0,55.9,3,480.63,0.67,0,0,0,1,1,0
2,3,0,31.36,2,391.17,0.83,0,0,1,0,1,0
0,3,1,95.13,2,178.22,0.58,0,0,0,0,1,0
0,1,0,97.21,1,36.09,0.67,1,0,0,0,0,1
3,1,1,35.36,0,177.42,0.67,1,0,0,0,1,0
3,2,0,9.87,1,278.74,0.83,0,0,0,1,0,0
0,0,1,52.58,3,274.56,1.33,0,0,0,1,0,0
1,3,0,96.05,2,249.08,0.75,0,1,0,0,0,0
0,0,0,42.53,2,146.08,1.08,1,0,0,0,0,1
3,1,1,67.3,0,161.99,0.58,0,0,1,0,1,0
1,0,0,93.7,3,433.84,1.33,0,0,1,0,0,0
3,3,0,57.84,4,440.13,0.75,0,0,1,0,1,0
3,2,1,2.36,5,99.29,0.83,0,0,0,1,0,1
1,0,1,42.26,5,114.16,1.17,0,0,0,0,1,0
2,2,1,56.13,5,83.9,0.75,1,0,0,0,1,0
3,1,1,98.35,3,444.59,0.83,0,1,0,0,0,0
0,3,1,98.91,5,197.25,1.25,0,0,0,0,0,0
2,0,0,95.32,2,103.08,1.42,0,0,1,0,0,1
2,1,0,73.55,0,401.44,1.42,1,0,0,0,1,0
3,3,1,16.44,2,22.22,1.0,0,0,0,1,0,0
2,1,1,84.86,2,370.43,1.33,0,0,1,0,0,0
0,1,0,57.3,5,362.59,0.75,0,0,0,0,1,0
2,3,1,98.07,5,211.58,0.83,1,0,0,0,1,0
3,1,0,81.35,2,328.92,0.58,0,1,0,0,0,1
0,0,0,38.04,4,42.6,0.83,0,0,0,1,0,1
2,1,0,32.86,0,317.27,0.83,1,0,0,0,1,0
2,0,0,3.79,4,488.36,0.75,0,0,0,0,0,0
3,2,1,94.46,0,377.27,0.58,0,0,1,0,0,1
3,1,0,13.85,1,151.49,1.17,0,1,0,0,0,1
1,1,0,11.2,0,441.55,1.0,0,1,0,0,0,1
1,2,1,61.71,2,182.25,0.67,0,0,1,0,1,0
1,1,1,21.23,3,318.51,0.5,0,0,0,0,0,1
2,1,0,26.23,2,183.47,0.83,0,1,0,0,0,1
1,0,1,0.2,5,319.44,1.17,1,0,0,0,0,0
1,0,0,99.45,5,256.67,1.0,0,0,0,1,1,0
2,3,1,25.75,4,393.54,1.33,0,0,0,0,0,1
0,3,0,45.4,4,285.45,0.67,0,0,0,0,0,0
0,1,1,8.38,2,329.89,0.5,0,1,0,0,0,0
1,1,1,50.39,1,219.1,1.08,1,0,0,0,1,0
1,3,1,12.58,0,136.43,1.17,1,0,0,0,1,0
2,1,0,83.73,5,345.79,0.67,0,0,0,1,1,0
1,3,1,39.17,3,100.18,1.08,0,0,1,0,0,0
3,0,0,62.72,1,364.6,0.58,0,0,0,0,0,0
0,3,0,80.48,4,449.82,1.0,0,0,0,1,0,1
3,3,1,13.9,2,175.97,0.58,0,0,0,0,0,1
2,0,1,21.71,1,24.66,0.75,1,0,0,0,0,0
2,1,0,63.5,2,353.61,0.75,0,1,0,0,0,0
0,3,0,69.26,5,107.02,0.83,0,0,0,0,0,0
3,2,1,6.38,4,423.3,0.58,0,1,0,0,1,0
0,2,1,28.88,0,67.5,1.42,0,0,1,0,1,0
3,0,1,38.4,0,140.4,1.33,0,0,1,0,0,0
3,1,1,81.52,1,242.01,0.67,0,0,1,0,0,1
2,2,1,81.57,0,427.12,1.25,0,0,0,1,1,0
2,0,0,68.81,2,46.19,0.75,0,1,0,0,0,1
3,3,0,48.5,2,153.82,1.08,1,0,0,0,0,1
3,1,0,45.88,5,203.26,1.08,1,0,0,0,0,0
3,1,0,54.67,5,225.61,0.67,0,0,0,0,1,0
1,1,0,7.13,5,301.29,0.58,0,1,0,0,1,0
3,3,0,21.59,2,468.61,1.42,0,0,0,0,0,1
2,3,0,22.24,0,100.44,0.75,0,1,0,0,0,0
3,2,0,53.57,4,74.89,1.17,0,0,1,0,0,0
3,2,1,31.13,3,484.3,0.83,0,0,0,1,0,1
0,2,1,61.26,2,235.07,1.42,0,0,0,0,0,0
0,1,1,47.12,3,48.09,0.58,0,1,0,0,1,0
2,3,1,19.92,2,368.33,1.42,0,0,0,1,1,0
2,1,0,90.09,1,466.01,1.42,1,0,0,0,0,1
1,3,0,89.38,5,445.48,0.75,0,0,1,0,1,0
2,2,0,7.48,3,243.72,1.08,0,0,1,0,0,1
1,3,1,62.71,2,212.86,0.58,0,1,0,0,0,1
2,0,1,8.71,3,450.66,1.08,0,0,1,0,0,0
0,1,1,61.4,0,325.64,0.5,0,0,1,0,1,0
3,0,0,75.48,1,243.26,1.08,0,1,0,0,0,0
0,0,1,62.99,5,327.43,0.83,0,1,0,0,1,0
1,2,1,15.54,5,312.74,1.08,1,0,0,0,0,1
1,0,1,76.79,2,483.43,0.83,0,1,0,0,0,0
1,2,0,26.84,1,158.73,0.5,0,0,1,0,0,1
0,3,0,57.38,3,248.54,1.0,0,0,0,0,0,1
1,3,0,56.5,4,353.99,1.25,1,0,0,0,1,0
3,1,1,25.19,2,169.24,0.75,0,0,0,1,1,0
2,0,1,59.74,5,348.26,1.17,0,0,0,0,1,0
2,3,1,2.52,5,260.37,0.83,0,0,1,0,1,0
3,2,1,36.91,3,161.61,0.67,1,0,0,0,1,0
3,3,1,17.89,3,325.28,0.5,0,0,0,1,0,0
2,2,0,58.02,0,178.91,1.42,1,0,0,0,1,0
3,2,0,39.46,2,103.48,1.42,0,0,0,0,0,1
0,1,1,16.09,4,311.49,1.17,0,1,0,0,1,0
1,2,0,6.5,4,267.97,1.25,0,0,1,0,0,0
1,3,1,78.7,1,267.66,1.33,0,0,0,0,1,0
2,0,0,38.26,0,348.57,0.83,0,0,0,1,0,0
0,1,1,41.0,5,197.42,0.83,0,0,0,0,0,0
3,1,0,13.81,2,189.42,1.25,1,0,0,0,0,0
2,0,1,54.13,4,25.08,1.25,0,1,0,0,0,1
2,1,0,2.01,5,58.52,0.75,0,0,0,0,0,1
2,2,1,19.98,5,225.13,1.42,0,1,0,0,0,0
2,3,1,29.31,5,84.49,0.58,0,0,1,0,1,0
0,3,0,87.38,2,207.35,1.17,1,0,0,0,0,0
1,3,1,56.49,5,389.27,0.58,0,0,0,1,0,0
2,3,0,19.19,3,442.42,1.17,1,0,0,0,0,1
1,0,0,91.06,0,347.57,1.0,0,1,0,0,0,0
0,1,0,68.2,1,480.05,1.25,1,0,0,0,1,0
0,3,1,89.18,5,386.29,0.75,1,0,0,0,1,0
1,2,1,30.03,1,197.47,1.0,1,0,0,0,0,0
3,0,0,93.24,3,106.31,1.17,0,0,0,1,1,0
2,3,1,34.33,4,393.34,0.58,1,0,0,0,0,0
3,3,0,58.61,5,200.69,0.75,0,0,0,1,0,1
0,0,1,81.55,5,194.56,0.67,0,0,0,1,1,0
2,0,1,4.42,3,211.21,1.33,0,0,1,0,1,0
3,1,0,37.03,2,104.07,0.58,0,0,0,1,1,0
1,3,0,51.13,0,128.08,0.83,0,0,0,0,0,0
1,0,1,27.98,4,401.35,0.58,0,0,0,1,1,0
3,3,1,80.11,5,97.14,0.67,0,0,1,0,0,0
3,0,0,91.55,0,342.37,0.58,1,0,0,0,0,1
2,1,1,93.19,4,307.48,1.17,0,1,0,0,0,0
0,2,1,70.6,0,439.95,1.0,0,1,0,0,0,1
3,3,1,81.45,3,450.5,0.67,0,0,0,0,0,0
3,2,1,77.14,3,472.4,0.83,0,0,0,0,0,1
2,2,0,7.94,0,30.05,1.17,0,0,0,1,0,1
1,2,1,74.45,1,367.52,1.33,1,0,0,0,0,0
3,1,1,70.92,2,297.7,0.58,0,0,1,0,0,0
2,2,1,60.99,0,230.39,0.5,1,0,0,0,0,0
1,0,0,17.26,3,210.82,0.5,0,1,0,0,1,0
1,0,1,2.38,4,326.97,1.17,1,0,0,0,0,1
3,2,1,13.77,3,99.72,0.67,0,0,0,0,1,0
2,2,0,72.5,1,245.09,0.58,0,0,0,1,0,1
3,1,1,99.56,1,387.35,1.0,0,0,1,0,1,0
3,1,1,66.44,2,350.85,1.42,0,0,0,0,0,1
1,0,1,73.98,1,142.46,1.33,0,0,1,0,0,1
0,2,1,36.82,0,42.72,1.17,0,0,1,0,0,0
2,3,1,81.16,4,366.39,1.25,0,0,0,0,1,0
1,1,0,53.76,0,413.05,0.5,0,1,0,0,1,0
1,2,0,11.95,2,125.5,1.25,0,0,0,0,0,1
0,1,1,35.63,2,370.26,0.58,0,0,0,1,0,1
2,3,0,48.73,5,497.39,1.17,1,0,0,0,0,0
1,0,1,33.33,4,55.54,1.25,0,1,0,0,0,0
1,2,1,17.01,0,354.11,0.5,0,0,1,0,1,0
1,3,1,94.14,4,345.54,1.17,0,0,1,0,0,1
1,1,0,95.02,4,86.7,1.42,0,0,0,1,1,0
3,2,1,38.97,5,497.98,0.75,0,1,0,0,1,0
3,0,0,76.69,1,152.65,0.83,0,0,1,0,0,1
0,3,1,44.54,3,22.89,1.33,0,0,1,0,0,1
1,0,0,92.71,5,134.34,0.5,1,0,0,0,0,0
1,3,1,54.81,2,132.26,0.75,0,1,0,0,1,0
3,1,1,24.88,1,399.02,1.08,0,1,0,0,0,1
1,1,0,36.38,3,64.93,1.42,0,1,0,0,0,1
1,1,1,68.94,4,63.76,0.75,0,0,0,0,0,1
3,2,0,54.0,0,199.72,0.75,0,0,0,1,1,0
2,0,0,51.97,5,68.3,0.58,0,0,0,0,1,0
1,0,0,86.99,2,284.06,1.0,0,0,0,0,1,0
3,1,0,31.87,3,225.69,1.42,0,0,0,1,0,0
2,1,1,36.53,0,159.23,1.33,0,0,1,0,0,0
1,0,0,40.87,3,98.12,1.33,0,0,0,1,1,0
0,3,0,69.73,4,232.68,0.83,1,0,0,0,0,1
2,3,0,85.61,0,213.68,0.58,0,0,0,1,0,1
1,1,0,90.72,3,186.65,0.5,1,0,0,0,1,0
0,3,0,34.82,5,106.87,1.25,0,0,0,0,1,0
2,3,0,46.31,1,89.34,0.5,0,1,0,0,0,1
1,0,1,96.29,4,298.17,1.17,0,0,0,0,0,1
3,1,0,15.62,4,270.59,0.75,1,0,0,0,1,0
0,3,1,45.71,0,435.42,0.67,0,0,0,1,0,1
0,0,1,88.87,1,53.42,1.08,0,0,0,0,1,0
2,2,1,85.46,4,39.83,0.67,0,1,0,0,1,0
1,2,1,83.5,3,144.79,0.83,0,0,0,0,1,0
1,3,0,35.65,0,153.01,0.5,0,0,0,1,0,0
3,3,1,46.56,5,146.17,0.58,0,1,0,0,0,1
0,1,1,79.0,2,322.19,0.83,1,0,0,0,0,0
2,2,0,10.39,2,112.15,0.67,0,0,0,0,0,0
3,1,0,38.74,1,260.88,1.42,0,0,1,0,0,1
3,0,1,28.29,0,62.82,1.08,0,0,1,0,0,1
0,0,1,3.95,3,143.32,1.33,1,0,0,0,0,1
0,3,0,60.56,2,229.26,1.0,1,0,0,0,1,0
2,1,0,70.29,4,225.8,0.83,0,1,0,0,1,0
1,1,0,1.28,0,458.91,1.42,0,0,0,1,0,0
1,2,0,68.74,2,140.39,1.42,0,0,0,1,0,0
1,0,0,62.3,5,374.4,1.42,1,0,0,0,0,0
0,3,1,18.14,3,309.08,1.17,0,0,0,0,0,1
3,2,1,70.33,1,415.52,1.42,0,1,0,0,1,0
0,3,0,72.73,3,261.54,0.58,0,1,0,0,1,0
1,0,0,88.05,0,96.37,0.83,0,0,0,0,0,1
1,2,1,81.31,2,293.77,1.17,1,0,0,0,0,0
3,0,1,35.76,1,392.59,0.67,0,0,0,0,0,1
2,2,1,50.61,5,248.68,1.17,0,0,0,0,1,0
1,0,0,35.48,3,182.32,0.83,0,0,0,1,0,1
2,1,1,19.76,1,72.15,1.08,0,0,0,1,0,0
3,2,0,73.13,0,70.31,1.33,0,1,0,0,0,1
2,3,0,53.59,1,90.58,1.25,0,1,0,0,0,1
1,3,1,88.91,5,296.65,1.33,1,0,0,0,0,0
0,0,1,31.17,5,334.08,1.0,0,1,0,0,0,0
1,1,0,92.36,5,129.31,1.0,0,1,0,0,1,0
0,0,0,32.83,4,435.25,0.83,1,0,0,0,0,1
3,3,0,20.31,2,197.68,0.83,0,0,0,0,0,0
3,2,1,59.74,1,420.93,0.83,0,0,0,0,0,0
1,1,0,42.55,4,461.22,0.83,0,0,1,0,0,0
3,2,0,46.69,1,494.16,0.83,1,0,0,0,0,0
1,0,0,57.66,4,115.35,0.58,0,0,1,0,1,0
2,0,0,20.44,0,244.21,0.67,0,1,0,0,0,0
2,1,0,92.22,5,396.84,1.25,0,0,0,1,0,1
0,1,0,9.34,2,21.35,0.67,0,0,0,0,0,1
3,1,0,8.81,3,285.26,0.58,1,0,0,0,0,0
2,1,1,75.88,2,182.56,0.67,1,0,0,0,1,0
0,1,0,46.69,4,445.07,1.42,0,1,0,0,0,0
3,1,0,22.66,2,495.4,0.67,0,0,0,0,0,0
3,3,1,57.64,0,298.0,0.83,0,0,0,0,0,0
3,3,1,48.8,1,445.0,0.75,0,0,1,0,0,0
1,1,1,96.27,2,308.65,0.75,0,0,0,0,0,1
1,2,0,77.57,4,175.56,0.75,1,0,0,0,0,1
3,1,1,55.3,2,200.64,0.42,0,0,0,1,0,0
0,0,1,9.57,5,376.97,1.25,0,0,1,0,0,0
1,2,0,42.35,2,254.97,0.67,0,0,0,1,0,0
3,1,1,80.77,4,231.16,0.75,0,0,0,1,0,1
3,1,1,26.71,2,437.27,0.83,0,0,0,0,0,1
2,0,0,92.17,2,451.64,1.17,0,1,0,0,1,0
0,2,0,53.75,2,368.39,1.42,0,0,0,0,0,1
3,0,1,16.24,4,381.03,0.75,0,0,1,0,1,0
3,3,0,2.63,0,187.68,0.42,0,1,0,0,0,0
1,2,1,19.07,1,433.97,1.33,0,0,1,0,0,0
0,3,0,10.15,4,285.45,1.42,0,0,0,1,0,1
3,1,0,89.22,5,418.55,0.5,0,0,0,0,0,0
3,2,0,92.94,3,490.38,1.25,0,1,0,0,0,1
1,3,1,49.61,5,340.46,1.33,1,0,0,0,0,1
3,0,0,55.96,4,293.9,0.83,0,0,1,0,1,0
1,2,1,23.26,4,344.39,0.83,0,1,0,0,0,0
0,2,0,79.58,2,176.19,0.83,1,0,0,0,0,0
1,1,0,83.67,4,55.75,1.0,1,0,0,0,1,0
3,0,0,8.99,3,182.63,0.83,0,0,0,1,0,1
1,0,0,68.33,5,336.42,0.58,0,0,0,1,0,1
2,0,1,14.22,4,334.24,1.08,0,1,0,0,1,0
1,3,0,24.53,5,432.07,1.42,0,0,0,0,0,1
0,2,0,51.43,3,102.01,0.5,0,0,0,0,0,1
1,1,1,67.61,4,49.04,1.42,0,0,1,0,1,0
1,1,0,54.46,4,181.08,0.5,0,1,0,0,0,1
2,3,0,36.84,3,301.12,1.42,0,0,0,0,1,0
3,0,1,79.25,3,182.81,1.17,0,0,1,0,0,0
1,3,1,30.7,0,27.87,1.17,0,1,0,0,1,0
3,0,1,61.61,4,82.73,0.5,1,0,0,0,1,0
3,3,0,79.11,1,167.04,1.33,0,0,0,0,1,0
3,2,1,59.5,2,227.17,0.83,0,1,0,0,0,1
1,3,0,19.54,3,128.7,0.75,1,0,0,0,1,0
2,3,0,87.34,1,109.16,1.0,0,0,0,0,0,1
1,0,0,76.27,4,362.97,1.17,0,0,0,0,1,0
3,0,0,83.71,1,448.39,0.83,0,0,0,1,0,1
2,2,0,4.11,4,40.16,1.42,0,1,0,0,1,0
1,0,0,60.92,2,262.17,1.0,0,0,0,0,1,0
1,2,0,41.58,3,311.92,0.75,0,0,0,1,0,1
3,0,1,68.3,5,113.61,0.83,0,0,0,0,0,1
3,2,1,21.52,5,371.56,1.33,1,0,0,0,1,0
0,3,0,90.03,0,156.76,1.42,0,0,1,0,0,1
3,2,0,92.06,1,114.34,1.42,0,0,0,0,0,1
3,0,1,16.76,3,468.9,1.17,1,0,0,0,0,0
1,2,0,22.12,0,58.86,0.83,0,0,0,1,0,0
3,3,0,21.26,1,139.2,0.5,0,0,1,0,1,0
3,0,1,83.29,5,134.88,0.75,0,0,1,0,0,0
2,0,0,67.38,2,163.37,0.83,0,1,0,0,0,1
1,0,1,16.21,2,307.69,1.33,0,0,0,0,0,1
3,1,1,99.27,0,72.37,0.83,0,0,1,0,0,0
0,2,0,47.75,1,88.46,0.75,0,1,0,0,0,1
2,3,0,59.07,0,93.67,0.83,0,0,0,1,0,1
1,1,0,30.78,0,262.6,1.08,0,0,0,0,1,0
1,3,0,4.74,1,370.73,1.08,0,0,0,1,1,0
1,3,0,2.39,5,274.02,1.08,1,0,0,0,0,1
2,1,0,22.62,3,384.8,1.33,0,1,0,0,1,0
1,1,0,33.79,1,258.55,0.42,0,0,0,1,0,1
1,0,0,51.54,0,463.32,1.17,1,0,0,0,0,0
2,0,0,66.59,2,106.78,1.08,0,1,0,0,0,1
2,0,0,97.98,3,295.63,0.67,1,0,0,0,1,0
1,0,0,96.67,3,144.24,0.58,0,1,0,0,0,0
2,3,1,8.06,0,466.57,1.33,1,0,0,0,0,1
1,1,0,19.63,1,303.73,0.83,0,0,1,0,0,0
0,2,0,66.93,5,325.69,1.25,0,0,0,0,0,0
1,0,0,52.51,0,315.06,0.83,1,0,0,0,0,0
2,3,1,54.13,4,333.53,1.25,0,0,0,0,0,1
2,3,0,45.9,3,240.61,0.83,0,0,0,1,1,0
2,1,1,48.7,1,133.45,1.08,0,0,1,0,0,0
3,0,0,61.3,4,436.75,1.42,1,0,0,0,0,1
3,0,1,33.4,0,188.31,0.5,1,0,0,0,1,0
3,0,1,68.29,1,492.01,1.08,1,0,0,0,1,0
1,2,0,74.15,1,449.81,1.42,0,0,0,1,0,1
0,1,0,75.2,1,243.17,0.58,0,1,0,0,1,0
1,2,0,64.51,1,369.02,0.83,0,1,0,0,1,0
0,2,0,7.33,1,145.32,0.58,0,0,1,0,0,0
1,0,1,91.06,5,133.84,0.5,0,1,0,0,0,0
2,1,1,85.4,0,264.43,0.58,0,0,0,1,1,0
2,1,1,74.9,5,476.98,0.58,0,1,0,0,0,1
3,0,0,29.41,0,497.41,0.5,1,0,0,0,0,1
1,1,0,78.45,1,73.82,0.83,0,0,1,0,1,0
2,1,0,20.75,0,46.61,1.25,0,0,0,0,0,1
2,2,1,21.39,1,340.87,0.83,1,0,0,0,1,0
0,0,0,39.68,4,356.19,1.0,0,0,0,1,0,0
0,3,0,83.18,1,70.71,1.25,0,1,0,0,0,1
0,3,1,81.11,5,23.85,1.25,0,0,0,1,0,0
2,0,0,97.38,3,366.86,1.33,0,0,0,0,1,0
2,0,0,14.07,0,432.84,1.25,0,0,0,1,0,1
1,0,1,30.39,3,453.55,0.42,0,1,0,0,0,0
1,2,0,96.76,5,339.4,1.17,0,0,1,0,1,0
2,3,0,75.02,5,83.21,0.58,0,1,0,0,0,1
0,2,1,37.36,5,33.52,1.25,0,0,0,0,0,1
2,0,0,8.89,4,386.39,1.42,0,1,0,0,0,0
1,1,1,11.13,3,69.34,1.17,0,0,0,1,0,0
0,3,0,46.49,5,146.57,1.17,0,1,0,0,0,0
1,1,1,41.5,5,324.6,0.83,0,1,0,0,0,0
3,2,0,12.35,0,87.81,1.42,0,0,0,0,0,1
3,1,0,8.61,5,300.84,1.42,0,0,0,1,0,1
3,0,1,85.81,4,402.36,1.0,0,0,0,0,0,0
2,3,0,47.52,4,68.49,0.58,1,0,0,0,0,1
0,0,1,3.91,5,55.42,0.67,0,1,0,0,1,0
3,3,0,61.65,2,461.95,0.5,1,0,0,0,0,0
3,3,0,44.32,3,187.33,0.75,0,0,0,1,0,1
3,0,0,62.15,2,92.77,1.33,0,0,1,0,1,0
0,3,0,28.35,5,451.55,0.67,0,0,1,0,1,0
1,1,1,83.62,1,123.0,1.17,0,1,0,0,0,0
1,1,0,27.01,2,27.48,0.67,0,0,0,1,1,0
3,3,0,61.82,4,150.04,1.17,0,0,1,0,1,0
2,0,1,33.11,1,226.96,1.17,1,0,0,0,0,1
3,0,1,14.04,2,311.81,1.08,0,0,0,1,0,1
1,1,1,96.57,0,425.74,0.58,0,0,1,0,0,0
1,2,0,63.78,5,37.05,0.83,0,1,0,0,0,1
1,1,1,10.97,5,131.59,1.08,0,1,0,0,0,0
3,2,0,2.21,2,351.54,0.58,0,0,0,1,0,1
1,2,1,67.62,1,258.31,0.58,0,1,0,0,0,1
1,0,1,10.62,0,377.45,1.25,0,0,1,0,0,0
2,1,1,40.18,0,367.18,0.83,0,1,0,0,1,0
3,2,1,46.09,1,179.29,1.42,0,0,0,0,0,0
0,0,0,68.32,3,118.85,1.17,0,0,0,1,1,0
2,0,0,92.76,4,30.97,0.42,0,1,0,0,0,0
0,3,1,70.25,0,362.02,1.33,0,1,0,0,0,0
3,2,1,14.11,0,193.98,0.5,0,0,0,0,0,0
1,2,1,65.98,3,135.27,1.08,0,0,0,1,0,0
3,2,1,68.04,5,164.07,1.42,0,0,0,1,0,0
2,0,1,72.49,4,122.89,1.42,1,0,0,0,0,1
1,1,0,7.15,0,353.1,0.5,0,0,0,1,0,1
2,1,1,29.49,3,71.61,1.08,0,1,0,0,0,0
2,1,1,55.07,0,222.6,0.83,0,0,1,0,1,0
2,2,0,58.64,3,401.21,1.33,0,0,0,0,0,0
2,3,1,76.98,1,321.36,0.58,0,0,0,0,0,1
2,1,0,76.02,4,223.68,0.75,0,0,0,1,1,0
1,3,1,90.72,0,428.71,0.83,0,0,0,1,1,0
0,0,1,65.16,4,56.27,1.08,0,0,1,0,0,1
0,3,0,4.29,1,326.16,0.58,0,0,0,0,0,1
0,0,1,46.47,5,187.5,0.67,0,1,0,0,1,0
3,0,1,91.43,4,219.81,1.0,0,0,1,0,0,0
1,1,0,49.04,0,384.46,0.67,0,1,0,0,1,0
2,1,0,88.48,5,385.1,0.83,0,0,0,0,0,1
2,1,1,24.73,1,302.2,0.58,0,0,0,1,0,1
1,0,0,15.64,4,287.77,0.83,0,0,1,0,1,0
3,3,0,42.25,0,215.74,0.67,0,1,0,0,0,0
2,2,1,87.99,1,348.09,1.17,0,0,1,0,0,0
3,2,1,93.46,1,415.56,1.17,0,1,0,0,0,1
3,1,1,44.11,5,86.07,1.25,0,1,0,0,1,0
1,3,0,98.27,3,83.67,1.0,0,0,0,1,1,0
3,2,0,9.54,1,297.9,1.42,0,1,0,0,1,0
3,1,0,89.13,1,189.81,1.25,0,0,0,0,0,0
1,2,0,42.94,2,159.19,1.08,1,0,0,0,0,0
1,3,1,77.11,5,244.08,0.83,0,0,0,0,0,0
1,0,1,1.41,2,388.67,1.08,0,0,0,0,1,0
2,0,1,83.25,3,496.54,1.42,0,1,0,0,1,0
3,0,1,10.58,3,250.43,1.33,1,0,0,0,0,0
3,3,0,94.72,1,426.57,1.42,0,1,0,0,0,0
3,0,1,41.63,3,384.82,0.5,0,0,0,0,0,0
0,2,1,93.01,5,422.54,0.75,1,0,0,0,1,0
3,2,0,56.12,0,385.35,0.83,0,1,0,0,1,0
0,3,1,97.26,2,60.86,0.75,0,1,0,0,0,0
3,2,1,56.27,2,274.72,0.58,0,1,0,0,0,0
2,2,0,50.61,0,219.28,0.5,0,1,0,0,1,0
2,3,0,72.13,4,303.48,1.33,0,0,0,0,0,0
0,0,0,26.11,5,192.28,1.33,0,0,1,0,1,0
1,0,0,8.29,4,409.31,0.58,0,0,0,1,0,1
1,0,1,24.2,5,60.41,0.83,0,0,0,0,0,1
2,1,1,65.36,3,187.03,0.58,1,0,0,0,0,1
2,3,0,62.69,4,258.85,1.42,0,0,1,0,1,0
1,1,0,74.29,1,419.45,1.0,1,0,0,0,0,0
3,0,1,82.11,1,337.17,0.5,0,0,0,0,0,1
2,2,0,90.3,1,61.93,1.0,0,0,0,0,1,0
1,0,0,67.75,0,452.72,0.83,1,0,0,0,0,1
1,1,1,50.88,1,497.52,1.17,0,1,0,0,0,1
2,2,1,70.22,2,487.68,0.58,0,1,0,0,0,1
3,2,1,87.84,5,256.49,0.83,0,0,0,1,0,1
0,1,0,51.83,1,309.79,0.5,0,0,0,0,0,0
0,1,1,73.5,5,421.42,0.58,1,0,0,0,0,1
1,3,0,10.34,0,168.87,1.0,0,0,0,1,0,1
0,3,0,52.02,3,210.58,0.75,0,0,0,1,0,1
1,3,1,94.55,4,146.14,0.67,0,0,0,1,1,0
1,1,1,87.96,0,74.47,1.42,0,0,1,0,0,1
1,1,0,28.22,1,367.0,1.25,1,0,0,0,0,1
1,1,1,62.82,1,75.45,1.17,0,0,1,0,0,1
2,2,0,62.75,5,83.91,0.67,0,0,1,0,1,0
0,0,0,28.52,3,226.91,0.83,1,0,0,0,0,0
3,1,0,98.17,0,332.88,0.58,0,0,0,0,0,1
1,1,0,76.41,5,481.29,1.25,0,0,1,0,0,0
2,1,1,44.93,3,201.27,0.5,0,0,0,0,0,0
1,0,0,11.41,3,426.33,1.33,0,1,0,0,0,0
2,3,0,3.57,3,261.0,0.83,0,1,0,0,0,0
3,1,0,72.22,2,87.26,0.5,0,0,1,0,0,0
2,2,1,68.24,5,338.13,0.83,0,0,0,1,1,0
2,2,1,95.21,0,480.5,1.25,1,0,0,0,0,1
1,2,1,65.65,2,80.15,1.33,0,0,0,0,0,0
1,3,1,6.26,0,468.77,0.58,1,0,0,0,1,0
0,2,0,83.54,0,398.95,0.58,0,0,0,1,0,1
2,0,0,3.65,4,277.3,1.25,0,0,0,0,0,1
2,3,1,76.82,5,241.9,1.0,0,1,0,0,0,1
3,0,0,11.1,4,69.57,1.08,1,0,0,0,1,0
3,0,1,74.51,4,72.5,1.08,0,0,0,0,1,0
3,2,0,21.55,5,485.07,1.08,0,0,0,1,1,0
3,1,1,96.54,5,76.79,1.25,0,0,0,1,0,1
3,2,0,6.56,2,107.6,0.83,0,0,1,0,0,0
3,1,0,81.85,5,454.35,0.5,1,0,0,0,0,0
0,1,1,30.65,4,176.0,0.75,0,1,0,0,0,0
3,2,0,50.5,3,490.8,0.58,1,0,0,0,1,0
3,1,1,4.99,0,172.27,1.33,0,1,0,0,0,0
2,1,0,20.63,1,61.27,0.58,0,1,0,0,0,0
0,0,0,27.52,5,192.7,1.17,0,0,0,1,1,0
2,0,0,41.07,5,24.99,0.83,0,0,1,0,0,0
1,2,0,56.6,3,284.9,1.0,1,0,0,0,1,0
1,2,0,16.15,0,62.9,1.0,0,0,0,0,0,0
0,1,0,31.3,1,386.07,1.25,1,0,0,0,0,0
2,2,0,55.14,0,278.84,0.83,0,1,0,0,0,1
1,3,0,77.32,2,35.3,0.58,0,0,0,0,1,0
1,3,0,49.47,5,399.61,0.83,1,0,0,0,0,0
0,0,0,95.68,1,226.5,0.83,0,0,1,0,1,0
2,0,1,10.0,2,60.68,0.75,0,0,1,0,1,0
2,2,1,13.97,0,74.46,1.17,0,0,0,0,0,1
2,2,0,26.11,5,442.94,0.83,0,0,0,0,1,0
3,2,1,91.55,0,352.64,1.08,0,0,1,0,0,1
3,0,1,86.44,1,352.7,1.0,0,1,0,0,1,0
0,3,1,42.6,3,407.56,1.42,1,0,0,0,0,1
0,3,0,30.56,2,196.41,1.25,0,0,0,1,0,0
2,0,1,73.68,2,478.2,1.33,0,0,1,0,0,0
1,1,1,51.6,1,445.84,1.42,0,0,0,1,1,0
0,1,0,1.69,4,117.52,1.42,0,1,0,0,1,0
3,0,0,35.54,4,211.83,1.25,0,1,0,0,0,0
3,3,1,3.08,0,308.71,1.33,0,0,0,1,0,1
1,2,1,91.57,4,492.62,0.58,0,0,0,0,0,0
2,1,0,21.73,3,260.34,0.5,0,0,0,1,0,1
2,2,1,96.86,0,29.9,1.42,0,1,0,0,1,0
3,0,1,6.56,2,422.31,0.83,0,0,0,0,0,1
3,1,1,93.68,3,440.79,0.5,0,0,1,0,0,0
3,0,0,14.12,1,124.82,0.5,0,1,0,0,0,0
2,3,1,15.84,1,438.42,1.33,0,1,0,0,0,0
3,2,1,32.38,2,318.58,1.42,0,1,0,0,0,0
1,1,1,17.33,1,72.88,1.25,1,0,0,0,0,1
3,0,1,39.32,5,61.82,1.17,0,0,0,1,0,1
2,2,0,59.1,3,431.43,1.17,0,0,0,1,0,1
0,1,1,74.18,5,181.4,1.08,0,0,1,0,0,1
0,1,0,0.63,1,229.31,0.83,0,0,0,1,0,1
3,2,1,27.44,1,426.9,1.25,1,0,0,0,0,1
1,1,0,45.95,0,375.88,1.08,0,0,0,0,0,0
2,1,0,32.89,3,442.72,0.5,0,0,0,1,0,0
0,1,1,56.16,2,111.33,0.5,0,1,0,0,1,0
1,0,0,44.07,3,85.12,0.5,0,0,1,0,0,0
0,1,1,68.6,4,21.67,1.33,0,0,1,0,0,0
0,2,0,20.13,4,124.34,0.83,0,0,0,1,0,0
0,1,1,97.73,3,367.8,0.83,0,0,0,0,1,0
3,2,0,27.25,3,471.03,1.17,0,0,0,1,0,0
1,1,0,7.02,0,36.27,0.75,0,1,0,0,0,1
0,3,1,39.47,4,66.77,0.67,0,0,0,1,0,0
2,3,0,59.66,4,342.65,1.17,0,1,0,0,0,0
3,3,0,70.83,0,479.25,1.0,0,0,0,1,0,0
2,2,0,27.33,3,375.24,0.75,0,1,0,0,1,0
0,3,1,76.41,3,70.08,0.5,0,0,1,0,0,1
2,1,1,46.64,3,480.89,0.83,0,1,0,0,1,0
3,3,1,33.36,5,371.63,1.42,0,0,1,0,0,1
1,3,1,47.34,5,78.37,1.17,0,1,0,0,1,0
0,2,1,19.55,3,425.96,1.25,0,0,1,0,0,1
3,3,0,54.0,2,391.75,1.42,1,0,0,0,0,0
1,0,0,86.13,5,293.57,0.83,0,1,0,0,0,1
2,1,0,30.01,0,289.37,1.25,0,1,0,0,0,1
1,1,1,25.74,2,259.49,0.83,0,0,0,1,0,1
0,3,0,35.08,0,394.3,0.58,1,0,0,0,0,1
0,2,1,10.77,4,144.66,0.83,0,0,0,0,0,1
3,0,0,69.76,0,309.16,1.0,0,0,1,0,1,0
2,1,0,75.03,5,434.49,1.25,0,0,0,1,1,0
1,1,1,89.44,1,53.95,1.42,0,0,0,1,1,0
1,1,0,3.07,4,282.63,1.0,0,1,0,0,1,0
3,3,0,99.89,5,69.38,0.58,0,0,0,0,0,0
0,2,1,84.3,4,319.49,0.58,0,1,0,0,0,1
1,0,1,75.35,1,417.89,0.67,0,1,0,0,0,1
2,0,0,41.74,3,99.32,0.58,0,0,1,0,1,0
1,2,1,85.5,4,65.58,0.83,0,0,0,0,0,0
0,3,1,71.19,0,412.39,1.0,0,0,0,0,1,0
2,3,1,80.39,5,267.01,0.83,0,0,0,1,0,1
2,1,1,97.34,0,35.76,1.17,0,1,0,0,1,0
2,3,0,17.02,4,393.2,0.5,1,0,0,0,1,0
1,1,1,95.58,3,42.16,0.67,1,0,0,0,0,0
3,2,1,84.06,3,177.95,1.25,0,0,0,0,1,0
0,1,0,5.53,1,112.73,0.75,1,0,0,0,0,0
0,3,0,40.36,0,144.7,1.17,1,0,0,0,1,0
2,3,0,83.75,0,99.55,1.0,0,0,0,1,0,0
2,3,0,74.16,3,139.47,1.0,0,1,0,0,0,0
0,0,0,38.55,5,255.17,1.17,0,1,0,0,1,0
2,0,0,54.22,0,145.21,1.0,1,0,0,0,0,1
0,0,0,32.78,5,462.44,1.0,0,0,0,1,0,0
0,3,0,49.22,4,73.73,1.17,0,1,0,0,0,1
3,1,0,64.16,3,152.28,0.83,0,1,0,0,1,0
2,0,0,56.8,4,222.47,0.83,1,0,0,0,0,1
3,3,0,35.31,5,251.58,1.0,0,1,0,0,0,1
3,2,1,62.9,1,297.33,0.83,1,0,0,0,0,0
3,1,0,17.74,2,369.66,1.25,0,0,0,0,0,0
2,2,1,66.11,2,499.3,0.75,0,0,1,0,0,1
1,2,1,53.21,5,490.29,1.25,0,0,1,0,0,1
0,0,1,7.05,3,231.95,1.25,0,0,0,1,0,0
2,2,0,15.96,0,77.95,0.75,0,0,0,1,0,0
3,3,1,53.29,1,39.37,0.83,0,0,0,0,0,0
3,0,1,37.55,1,250.88,0.67,0,0,1,0,1,0
1,2,1,48.65,2,412.86,1.0,0,1,0,0,0,0
2,1,1,17.8,0,151.51,1.33,0,0,1,0,0,1
1,3,0,5.21,0,242.11,1.42,0,0,1,0,0,0
3,2,0,94.9,3,143.85,0.58,0,1,0,0,0,0
0,2,0,69.52,5,440.57,1.08,0,0,0,0,1,0
2,0,0,37.48,1,477.62,1.42,1,0,0,0,0,1
2,0,1,24.37,2,459.48,1.25,0,1,0,0,1,0
1,1,1,98.87,5,176.3,0.83,0,0,0,1,1,0
1,3,0,75.71,0,67.17,0.5,0,0,0,0,1,0
1,0,1,90.2,5,456.56,0.5,0,0,0,1,1,0
3,1,0,16.0,0,361.84,1.0,0,0,0,1,1,0
3,2,0,61.57,5,116.25,0.83,0,1,0,0,1,0
0,0,0,71.66,3,323.57,1.33,0,0,0,1,0,0
0,1,1,66.06,4,176.45,0.67,0,1,0,0,1,0
1,2,1,69.4,1,498.63,0.75,0,0,1,0,0,1
3,1,0,77.48,1,396.16,1.33,0,0,1,0,0,0
0,2,1,43.69,2,359.05,1.0,0,1,0,0,1,0
1,3,1,50.28,3,77.14,0.75,0,1,0,0,1,0
0,2,0,63.3,4,158.66,0.83,0,0,0,0,0,1
0,0,0,23.02,4,486.35,1.33,1,0,0,0,0,1
3,0,1,13.11,4,126.44,0.83,1,0,0,0,0,1
3,1,1,2.69,4,313.07,0.67,0,0,1,0,0,0
0,0,0,96.63,1,404.21,1.17,0,0,0,0,0,1
1,3,0,23.87,3,289.33,0.75,0,0,0,0,1,0
2,1,1,98.43,3,164.38,0.83,0,0,0,1,1,0
2,0,0,59.1,4,334.5,1.33,0,0,0,0,0,0
0,3,0,71.53,5,371.81,1.33,1,0,0,0,0,1
3,2,0,94.96,4,296.33,0.83,0,0,1,0,0,1
0,3,0,7.27,4,340.27,0.58,1,0,0,0,0,0
0,0,1,21.77,1,396.47,1.42,0,0,0,0,1,0
0,2,0,90.66,0,397.01,0.67,0,0,1,0,0,1
0,2,1,49.14,4,309.54,1.42,0,0,0,1,1,0
2,3,1,3.01,4,385.06,0.67,1,0,0,0,1,0
0,1,0,46.4,5,206.35,1.0,1,0,0,0,1,0
1,0,0,97.06,3,459.97,1.08,1,0,0,0,0,0
1,3,1,74.78,2,225.48,1.33,0,1,0,0,0,0
2,1,0,65.71,4,459.01,1.17,0,0,0,0,0,1
0,3,1,64.22,4,84.1,1.0,1,0,0,0,0,0
1,0,1,68.04,2,464.24,1.0,0,0,0,1,0,0
3,1,0,42.73,5,229.99,0.58,0,1,0,0,0,1
3,1,1,32.39,4,357.74,0.75,0,0,0,0,0,0
0,3,0,48.4,4,22.56,0.83,0,0,1,0,1,0
3,1,0,37.78,3,430.9,0.83,0,0,1,0,0,0
3,1,0,90.39,4,49.03,0.83,1,0,0,0,1,0
3,0,0,9.06,1,140.17,0.75,1,0,0,0,0,0
1,3,0,29.41,3,102.13,0.67,0,0,0,0,1,0
0,0,0,76.05,5,292.39,1.0,0,0,0,0,1,0
0,3,1,47.1,5,355.45,1.0,0,0,0,1,0,0
2,0,1,7.88,0,256.61,1.42,0,1,0,0,0,0
2,0,1,40.76,0,152.94,0.5,0,1,0,0,1,0
3,2,1,23.44,1,461.9,1.42,0,0,0,1,0,1
2,0,0,52.41,5,462.76,1.08,0,0,0,0,1,0
3,0,0,33.57,0,309.25,0.75,0,0,0,1,0,1
3,0,1,44.5,4,467.05,0.58,0,0,0,0,1,0
1,2,1,92.96,0,139.2,0.83,0,0,0,1,0,0
1,2,1,49.91,3,348.77,1.08,0,0,0,1,1,0
0,0,1,37.43,0,337.85,0.58,1,0,0,0,0,1
0,1,0,29.7,3,164.56,1.08,0,0,1,0,0,0
3,1,1,97.2,4,337.91,1.25,0,0,0,1,0,1
3,3,0,74.44,5,108.64,1.17,0,0,0,1,0,0
2,2,1,35.44,4,24.26,0.83,0,0,0,0,0,0
0,2,0,91.26,5,49.65,0.83,1,0,0,0,1,0
3,3,0,11.02,3,430.08,1.42,0,0,1,0,0,1
2,3,1,70.92,0,300.56,0.83,0,0,0,1,1,0
2,2,1,23.75,2,330.61,0.5,0,0,0,1,0,0
1,0,1,82.37,3,409.99,1.0,0,1,0,0,1,0
3,2,0,65.59,2,480.05,1.33,1,0,0,0,0,1
1,1,0,55.86,0,36.2,0.75,0,0,0,0,1,0
0,3,0,87.79,3,315.5,1.08,0,1,0,0,1,0
1,3,0,60.25,2,454.77,1.25,0,1,0,0,0,1
2,0,1,42.1,4,26.86,0.58,0,0,1,0,0,0
3,0,0,58.29,1,194.38,1.08,1,0,0,0,1,0
2,0,0,31.71,0,354.2,0.83,1,0,0,0,1,0
0,3,1,88.41,4,496.07,0.75,1,0,0,0,0,1
2,0,1,57.76,1,222.57,1.42,0,0,0,1,0,0
0,1,0,29.75,2,252.79,0.83,1,0,0,0,1,0
3,0,1,23.55,0,386.78,0.75,0,0,0,1,0,0
2,3,0,38.62,0,328.07,0.67,0,0,0,1,0,0
0,3,0,96.16,1,357.88,0.83,0,1,0,0,1,0
2,0,0,95.5,3,156.42,1.25,0,0,0,1,0,1
2,2,1,15.78,1,196.74,0.83,0,0,0,0,1,0
3,0,0,74.63,2,85.26,1.25,1,0,0,0,0,1
3,0,1,81.43,5,298.55,1.25,0,0,0,0,0,1
2,0,1,70.94,0,295.08,1.33,0,0,0,1,0,1
2,3,0,86.46,5,304.83,1.25,0,0,1,0,0,1
0,2,0,88.4,2,424.95,0.83,0,1,0,0,0,0
3,0,0,42.87,1,306.08,1.17,0,1,0,0,0,0
1,2,0,51.34,5,123.05,0.58,0,1,0,0,0,1
0,1,1,44.55,4,128.18,1.25,0,0,0,1,0,0
3,3,1,68.31,5,175.31,1.42,0,0,0,0,0,1
2,0,0,86.51,3,302.23,0.83,0,1,0,0,1,0
3,1,1,59.53,2,144.45,0.75,1,0,0,0,1,0
3,1,1,70.05,2,434.61,0.83,0,0,1,0,1,0
1,3,1,60.22,0,185.83,1.17,1,0,0,0,0,1
3,3,0,41.09,5,98.74,1.33,1,0,0,0,1,0
0,0,1,24.27,3,155.35,1.25,0,0,0,0,0,1
3,0,0,94.46,2,213.49,0.58,0,0,0,0,0,1
3,1,1,72.8,5,395.93,1.25,1,0,0,0,1,0
2,3,1,17.18,3,134.32,0.83,0,0,0,0,0,1
0,2,1,81.82,3,297.49,1.25,0,0,0,1,0,1
1,2,0,55.69,4,95.29,0.83,1,0,0,0,1,0
3,3,1,20.26,3,486.32,1.25,1,0,0,0,0,0
0,1,0,42.0,1,464.68,1.25,0,0,1,0,1,0
3,3,0,81.77,1,425.58,0.83,0,1,0,0,0,1
1,1,0,14.62,1,95.5,1.33,1,0,0,0,0,0
0,0,1,45.28,0,248.36,0.83,0,0,0,0,0,0
0,1,0,27.19,3,244.83,0.5,0,0,0,1,0,1
3,1,1,23.09,4,180.17,1.08,0,0,0,1,0,0
3,2,0,2.81,3,324.85,0.5,0,1,0,0,0,1
0,0,1,53.49,3,352.85,1.0,0,0,0,1,0,0
1,0,1,8.43,0,201.09,1.08,1,0,0,0,1,0
1,0,1,75.58,2,89.13,0.5,0,1,0,0,1,0
1,0,1,16.75,0,263.99,1.0,1,0,0,0,0,1
2,3,1,10.96,0,403.16,1.08,0,0,0,1,1,0
3,2,1,46.19,1,338.4,1.0,0,0,0,0,1,0
0,3,0,88.93,0,386.75,1.33,0,0,0,1,1,0
1,0,1,58.1,2,369.84,0.83,0,1,0,0,0,0
0,3,1,96.27,2,360.85,0.75,0,0,0,0,0,0
0,3,0,91.11,4,130.89,0.5,0,0,0,0,1,0
3,2,0,29.07,3,496.82,0.75,1,0,0,0,1,0
3,2,0,94.48,0,264.83,1.25,0,0,0,1,1,0
3,3,1,29.38,0,422.88,0.5,0,0,0,1,0,1
2,2,0,23.46,0,62.24,1.25,0,0,0,0,0,1
3,1,1,35.52,2,123.65,1.17,0,0,0,0,1,0
0,2,1,13.17,0,338.39,0.83,0,1,0,0,1,0
3,3,0,29.42,3,379.38,1.08,0,0,0,1,0,0
3,0,1,52.73,1,401.5,1.33,0,0,0,0,0,0
0,2,1,35.01,2,300.66,0.83,0,0,0,0,0,0
3,1,0,37.04,0,113.26,1.17,0,0,0,1,1,0
0,3,1,11.74,1,409.62,0.5,0,0,0,1,1,0
1,2,0,98.4,2,400.19,1.0,0,0,0,0,0,0
3,0,0,3.31,3,370.87,1.42,0,0,1,0,1,0
2,1,0,51.29,2,151.16,0.67,0,1,0,0,0,1
2,0,1,34.97,5,421.04,1.0,0,0,0,1,1,0
2,2,1,23.25,5,305.26,0.83,0,0,0,0,0,0
1,2,0,50.45,0,282.3,0.67,0,0,0,1,0,0
3,0,1,86.35,0,60.78,0.75,0,0,0,0,1,0
2,3,0,13.8,0,488.41,1.42,0,0,1,0,0,1
3,1,1,60.91,3,238.85,0.5,0,0,0,1,0,1
1,0,0,66.48,1,335.42,0.83,0,0,0,1,0,0
2,2,0,22.01,2,280.84,0.83,0,0,0,1,0,1
3,2,0,64.77,1,99.93,0.5,0,1,0,0,1,0
3,0,1,24.87,5,363.76,0.83,0,0,0,0,1,0
2,3,1,57.49,0,402.99,1.25,0,0,1,0,1,0
2,0,1,50.14,5,366.77,0.83,1,0,0,0,0,0
1,3,1,62.69,2,329.3,0.5,1,0,0,0,1,0
0,1,0,51.04,0,41.81,0.75,0,0,1,0,1,0
3,1,0,37.82,1,315.92,0.58,0,0,0,0,1,0
2,3,1,38.07,3,155.98,1.42,0,0,1,0,1,0
2,1,0,52.68,5,71.76,0.58,0,0,0,0,0,0
2,1,0,29.19,4,52.42,0.83,1,0,0,0,0,1
2,3,1,16.06,4,477.22,0.58,0,0,0,1,0,1
3,0,1,5.53,3,417.44,0.58,0,1,0,0,0,1
1,3,0,84.14,2,454.73,0.83,0,0,1,0,0,1
1,1,1,69.15,1,292.35,0.58,1,0,0,0,1,0
0,2,0,29.94,1,355.25,0.83,0,0,1,0,0,0
0,3,0,41.1,4,117.75,0.67,0,1,0,0,0,1
3,1,1,41.69,5,72.61,0.5,0,0,0,1,0,1
1,2,1,89.83,1,139.28,1.0,0,0,0,0,0,0
1,2,0,57.21,3,405.68,0.83,0,0,0,0,0,0
2,2,1,0.62,2,294.36,0.75,0,0,1,0,0,0
2,3,1,4.69,0,420.63,1.0,0,0,0,0,0,0
1,3,1,92.98,2,193.75,0.58,0,0,1,0,0,0
3,3,0,40.3,4,150.32,0.83,0,0,1,0,0,0
0,3,1,18.77,3,422.14,0.67,0,0,0,1,0,1
0,1,0,74.63,1,81.09,0.67,0,0,0,1,1,0
1,0,1,66.09,0,433.28,0.83,1,0,0,0,0,0
0,3,0,66.69,2,151.84,0.75,0,1,0,0,0,0
1,0,0,94.23,2,449.98,1.33,0,0,0,1,1,0
0,0,0,10.61,1,115.5,0.5,1,0,0,0,0,0
2,0,0,82.71,4,358.83,1.42,0,0,0,0,1,0
1,1,0,22.15,5,387.1,0.83,0,0,0,1,0,1
3,0,1,25.23,5,142.01,1.17,0,0,0,1,1,0
0,2,0,49.09,0,378.35,1.42,0,0,0,0,0,0
3,2,0,15.52,5,291.95,1.17,0,0,0,1,1,0
2,2,0,43.42,3,349.2,1.25,1,0,0,0,0,1
3,3,0,90.96,4,395.38,1.0,0,0,0,0,0,1
2,2,1,86.82,3,39.53,1.33,0,0,0,0,0,0
1,3,1,8.07,0,238.59,1.33,0,1,0,0,1,0
1,2,1,9.16,5,41.93,0.75,1,0,0,0,0,1
3,3,0,42.3,0,294.77,0.83,0,0,0,1,0,0
2,2,1,25.7,4,127.11,1.0,1,0,0,0,1,0
3,0,0,78.05,5,385.79,1.0,0,0,1,0,1,0
3,2,1,92.44,4,151.55,0.5,0,1,0,0,0,0
3,2,1,0.69,5,136.31,1.33,0,0,0,1,1,0
2,0,0,37.14,2,439.54,0.83,0,0,1,0,0,1
0,0,1,69.62,0,266.94,1.08,1,0,0,0,1,0
2,2,0,67.85,1,228.5,1.0,1,0,0,0,0,0
2,0,1,22.6,3,96.92,0.75,0,0,1,0,1,0
3,1,1,82.49,0,63.74,0.83,1,0,0,0,0,0
2,0,0,96.74,0,196.44,1.25,0,0,0,1,0,1
1,2,0,32.04,2,424.11,1.42,1,0,0,0,1,0
1,3,1,81.03,5,328.6,0.83,0,0,1,0,1,0
1,1,0,3.33,3,80.62,0.58,0,0,0,1,0,1
0,1,1,31.71,2,261.5,0.83,0,1,0,0,1,0
2,2,0,49.46,5,218.07,1.33,0,0,1,0,0,1
3,0,1,65.22,2,232.59,1.08,0,0,0,0,0,1
3,1,0,45.9,5,302.18,1.33,0,0,0,1,0,1
1,0,0,62.09,2,229.47,1.33,0,1,0,0,0,0
2,2,0,65.69,5,57.39,0.67,0,1,0,0,0,1
1,2,0,47.33,4,438.54,0.75,0,0,0,0,0,0
1,3,1,67.96,1,467.92,1.08,1,0,0,0,1,0
2,0,1,91.5,5,440.13,1.0,0,0,1,0,1,0
0,1,0,0.85,4,260.89,0.75,1,0,0,0,0,0
2,3,1,27.62,3,47.38,1.08,0,0,0,1,0,1
0,3,1,88.49,2,300.12,1.17,1,0,0,0,1,0
3,3,1,50.71,3,358.3,1.42,0,0,1,0,1,0
3,0,1,12.45,1,457.27,1.08,0,0,1,0,0,0
1,0,0,25.07,5,431.51,0.58,0,0,1,0,0,1
0,1,0,96.03,3,288.72,0.75,0,1,0,0,0,1
2,1,1,11.0,4,324.17,1.33,0,0,1,0,0,1
1,3,1,46.8,2,464.5,1.25,0,0,0,0,1,0
3,1,0,76.11,0,320.58,1.42,0,0,0,1,0,1
2,2,1,1.9,4,343.51,0.83,0,1,0,0,0,1
2,3,1,94.22,2,58.55,0.83,0,0,1,0,0,1
3,2,1,90.36,2,272.71,0.67,1,0,0,0,1,0
1,2,1,8.63,4,445.81,1.33,0,0,0,1,1,0
1,3,0,33.54,5,134.32,1.25,0,0,1,0,1,0
2,2,0,32.82,4,150.3,1.42,0,0,1,0,0,1
3,0,0,24.58,4,58.75,0.75,0,0,0,1,0,1
2,3,0,43.7,5,134.08,0.67,0,0,0,1,0,1
2,1,1,65.91,3,66.48,1.42,0,1,0,0,1,0
2,3,0,28.96,0,118.16,0.83,0,0,0,1,0,0
2,1,1,30.59,0,295.1,0.58,0,0,0,1,1,0
1,2,1,57.11,0,470.59,1.25,0,0,0,1,0,0
2,1,0,72.76,0,113.52,0.67,0,0,0,1,0,0
2,2,0,44.06,0,254.03,0.83,1,0,0,0,0,1
2,3,0,94.98,2,181.85,1.08,0,0,0,0,0,0
3,0,0,30.66,5,419.11,0.58,0,0,1,0,0,1
1,1,0,78.53,5,388.89,1.0,0,0,0,1,0,1
1,0,1,95.68,3,365.76,1.17,1,0,0,0,0,1
1,1,1,24.38,5,212.87,1.17,0,0,0,0,1,0
0,1,1,33.21,1,146.08,1.33,0,1,0,0,1,0
1,1,1,59.38,0,418.16,0.67,0,0,1,0,0,1
1,3,1,96.6,2,244.39,1.25,0,0,0,1,0,1
2,2,0,18.11,0,465.06,1.42,0,0,1,0,1,0
3,0,0,1.14,4,56.56,0.58,0,1,0,0,0,0
2,0,0,86.6,5,426.47,0.75,0,0,1,0,0,1
3,1,1,64.55,2,94.04,1.17,0,0,1,0,0,1
2,3,0,92.15,3,117.53,1.08,0,0,1,0,1,0
3,2,1,58.81,1,203.32,0.75,0,1,0,0,0,1
1,3,0,39.72,4,32.88,1.42,0,0,0,0,0,0
3,3,0,66.43,5,62.23,1.17,0,0,0,0,0,0
2,0,1,73.27,4,88.08,1.0,0,0,0,1,0,1
2,3,1,91.76,4,282.41,1.17,0,0,0,1,1,0
0,0,0,68.7,3,306.01,1.0,0,0,0,1,0,0
2,0,1,11.06,0,292.63,0.67,0,0,0,1,0,1
3,0,1,37.11,2,464.22,1.08,0,0,0,1,0,1
2,2,0,62.01,1,70.27,0.5,0,1,0,0,0,1
1,3,0,56.21,5,419.04,1.0,0,0,0,0,1,0
1,3,0,88.52,2,482.95,0.58,0,0,1,0,0,1
1,3,0,37.09,1,345.86,0.5,0,1,0,0,1,0
2,2,1,62.53,0,289.41,0.75,0,1,0,0,0,0
1,3,0,83.24,0,111.33,1.17,1,0,0,0,0,0
3,1,0,24.85,3,257.89,1.42,0,0,1,0,0,0
1,1,0,41.32,0,124.31,1.25,0,0,1,0,0,1
0,2,0,41.75,5,180.18,1.08,1,0,0,0,0,1
2,1,1,37.03,1,305.76,0.75,0,0,0,1,0,0
2,1,1,9.11,1,335.72,1.17,0,0,1,0,0,1
1,0,0,45.35,3,407.3,1.33,0,0,0,0,0,0
2,0,1,81.78,3,113.99,1.0,0,1,0,0,0,0
3,3,1,89.81,5,309.45,1.25,1,0,0,0,1,0
0,1,1,89.25,2,191.22,1.42,0,0,0,1,0,0
1,1,1,91.69,0,311.22,1.25,0,0,0,0,0,1
2,1,0,7.03,2,175.74,0.83,0,0,1,0,0,0
0,1,1,11.08,2,246.06,0.67,0,0,0,0,0,0
0,2,0,76.77,5,329.63,1.0,0,0,0,1,1,0
0,1,0,44.03,2,55.65,0.67,0,0,0,1,0,0
0,1,0,47.73,5,374.31,0.75,0,1,0,0,0,0
2,1,1,94.42,2,122.61,0.58,0,0,1,0,0,0
3,3,0,61.38,3,301.96,1.0,0,0,1,0,0,0
0,0,0,66.13,3,91.83,1.0,1,0,0,0,0,1
1,3,0,88.87,0,382.28,1.0,0,1,0,0,0,0
0,1,0,6.42,2,166.29,0.83,0,0,0,1,1,0
1,3,1,92.11,5,271.21,0.75,0,1,0,0,1,0
3,1,1,21.02,1,356.23,1.08,0,1,0,0,1,0
2,0,0,94.46,1,390.17,0.58,0,0,0,0,1,0
1,3,0,57.23,2,306.26,0.5,0,0,1,0,0,1
1,1,1,26.2,0,71.27,0.83,1,0,0,0,0,1
0,2,1,16.71,3,334.88,0.83,0,0,0,0,1,0
3,2,0,35.6,2,35.57,1.25,0,0,0,1,0,0
0,1,1,61.99,0,376.83,0.58,0,1,0,0,1,0
3,3,1,31.39,1,413.95,1.08,0,1,0,0,0,0
0,1,1,77.91,5,29.49,0.75,0,1,0,0,0,0
2,1,0,91.45,1,130.46,1.17,1,0,0,0,1,0
0,2,0,27.83,2,230.64,0.58,0,0,1,0,0,1
3,2,1,19.35,5,344.76,0.5,1,0,0,0,0,1
0,3,0,82.89,3,433.94,0.5,0,0,0,1,0,1
1,0,1,16.58,1,331.4,1.42,0,1,0,0,1,0
2,0,0,6.58,5,45.74,1.08,0,1,0,0,0,1
3,1,1,82.95,4,476.85,1.0,0,0,1,0,1,0
3,0,1,6.31,2,498.01,1.25,1,0,0,0,0,0
0,2,0,19.87,1,451.24,0.5,0,0,1,0,1,0
3,2,1,81.2,1,275.31,0.83,0,0,0,1,1,0
3,3,1,2.25,1,104.74,1.25,0,0,0,0,0,0
3,2,0,55.68,3,494.29,1.0,1,0,0,0,0,1
3,0,0,81.85,1,114.14,0.67,1,0,0,0,0,0
1,3,1,86.53,0,436.41,1.17,0,0,0,0,0,0
3,3,1,58.3,5,469.19,0.5,0,0,0,1,0,0
2,2,0,68.57,3,84.11,0.58,0,0,0,1,0,1
2,1,1,67.42,4,355.54,0.58,0,0,0,1,0,1
2,3,1,66.53,2,109.88,1.17,0,0,0,1,1,0
0,1,1,63.79,0,344.76,1.08,0,0,1,0,0,1
2,3,1,67.11,1,124.17,0.67,0,1,0,0,0,1
1,3,0,65.44,4,139.26,1.25,1,0,0,0,0,0
0,3,1,34.09,4,447.35,0.5,0,0,0,1,0,1
2,2,1,96.45,2,60.26,0.75,0,0,0,1,0,0
2,1,1,86.07,1,499.93,1.08,0,0,0,0,0,0
3,1,1,75.43,2,91.47,0.5,1,0,0,0,1,0
1,1,0,52.01,2,207.85,0.83,0,0,0,1,0,0
0,0,0,7.42,5,485.31,1.08,1,0,0,0,1,0
3,0,0,58.76,4,321.23,1.0,0,0,0,0,0,0
3,2,1,85.43,2,67.23,0.83,0,1,0,0,1,0
0,1,0,11.36,2,422.38,0.75,0,0,1,0,1,0
3,3,1,76.05,3,306.78,0.5,0,0,0,1,0,0
1,0,1,24.08,0,168.81,1.33,0,1,0,0,0,0
2,2,0,89.12,2,76.68,1.0,1,0,0,0,0,1
1,2,1,76.81,2,280.8,1.17,0,1,0,0,0,0
2,2,0,65.11,0,192.32,0.75,0,0,0,1,1,0
1,2,1,35.22,3,62.71,0.75,0,0,0,0,0,0
2,2,0,17.01,3,63.25,0.83,0,0,0,1,0,0
3,3,1,12.87,2,380.21,1.08,1,0,0,0,1,0
2,3,1,13.21,5,463.25,1.08,0,1,0,0,0,1
1,0,1,30.21,5,207.36,1.25,0,0,0,0,1,0
0,0,1,12.99,5,45.13,1.42,0,1,0,0,0,0
3,0,0,50.37,3,211.99,1.42,0,0,0,1,0,0
3,0,0,42.72,3,437.36,0.83,1,0,0,0,1,0
3,3,0,65.38,3,82.84,0.67,1,0,0,0,0,0
3,3,0,27.99,4,340.99,0.75,0,0,1,0,1,0
2,0,0,0.94,1,472.22,0.5,0,0,0,0,1,0
3,3,0,80.5,2,227.94,1.33,0,0,0,0,1,0
1,3,0,77.16,0,300.98,1.0,0,0,0,1,0,1
1,3,0,49.28,3,231.49,0.75,1,0,0,0,0,1
2,3,0,83.84,2,320.8,1.17,0,0,0,1,0,1
1,0,1,28.83,4,73.91,1.17,1,0,0,0,0,1
1,3,1,42.61,3,40.75,1.33,0,0,0,0,0,1
2,1,0,59.63,0,298.15,1.08,0,0,0,0,0,0
3,0,1,93.06,1,213.53,1.08,0,1,0,0,0,1
1,3,0,68.61,1,436.61,1.08,0,0,1,0,0,1
0,1,0,11.06,2,30.52,1.08,1,0,0,0,0,0
3,1,0,76.42,0,84.44,0.5,0,1,0,0,0,0
0,0,1,51.31,5,243.62,1.42,0,1,0,0,0,1
3,2,0,95.59,4,174.98,1.42,0,0,1,0,1,0
0,0,0,58.75,1,85.6,1.33,0,0,1,0,1,0
3,3,0,96.36,3,488.24,1.0,1,0,0,0,0,0
0,1,1,68.25,4,407.72,0.83,0,0,0,0,0,1
3,0,1,71.66,3,234.87,1.42,0,0,1,0,0,0
0,2,1,12.19,1,360.98,1.17,0,1,0,0,1,0
1,2,1,42.25,3,72.9,0.75,1,0,0,0,1,0
3,3,0,41.41,2,445.91,1.25,1,0,0,0,0,0
1,2,0,33.48,5,359.86,1.17,1,0,0,0,0,1
3,1,0,63.42,3,281.67,1.0,1,0,0,0,0,0
3,2,1,10.04,4,331.91,0.83,0,1,0,0,0,1
2,0,0,17.61,0,397.58,1.08,0,0,1,0,0,1
2,3,1,16.68,1,431.21,1.0,0,1,0,0,0,1
3,0,1,41.32,1,202.6,1.42,0,1,0,0,1,0
0,3,0,80.26,5,453.35,1.25,0,0,0,0,0,1
2,1,1,28.95,4,97.36,1.42,0,0,0,0,0,1
1,3,1,6.5,1,316.71,1.17,0,0,1,0,0,0
3,0,1,32.68,2,325.91,0.83,0,0,1,0,0,1
2,0,1,62.01,1,438.73,1.42,0,1,0,0,0,1
2,2,1,84.27,0,408.9,1.42,0,0,0,0,1,0
1,3,1,78.47,3,259.5,1.25,0,0,0,0,0,0
3,0,1,40.33,5,283.55,0.58,0,0,0,1,1,0
3,2,1,25.85,4,428.52,0.75,0,0,1,0,0,0
3,3,1,32.03,2,374.3,1.25,0,0,0,0,1,0
3,2,0,53.93,0,244.12,0.67,0,0,0,0,0,0
2,1,1,13.05,3,183.34,1.17,0,1,0,0,0,0
3,3,0,32.37,0,66.26,0.58,0,0,0,1,0,0
1,3,1,71.76,0,35.39,1.25,0,0,0,1,0,1
1,1,0,50.52,0,244.92,1.25,0,0,0,0,0,0
2,3,1,0.63,4,267.19,1.17,0,0,0,1,1,0
0,3,1,50.92,1,164.52,1.42,0,0,1,0,0,0
1,0,1,24.66,1,59.82,0.75,0,1,0,0,1,0
2,3,0,96.78,0,257.96,0.42,0,0,0,1,0,1
2,3,1,0.18,1,447.46,0.83,0,0,1,0,1,0
0,1,0,34.2,5,415.07,1.0,0,0,0,0,1,0
3,2,0,67.36,2,197.54,1.17,0,1,0,0,0,1
2,3,1,70.21,1,143.97,0.75,1,0,0,0,0,0
2,0,1,3.1,0,341.99,1.17,0,0,0,0,0,1
0,3,1,76.85,1,314.48,1.0,0,0,0,0,0,1
3,2,0,58.16,5,214.75,0.75,0,0,0,1,0,1
0,1,0,81.61,0,86.79,1.08,1,0,0,0,0,0
2,3,1,27.43,1,256.54,1.33,0,0,0,0,0,1
3,2,0,91.95,2,340.36,0.83,0,1,0,0,1,0
0,3,0,94.56,1,91.9,0.58,0,0,0,0,0,0
2,0,0,6.57,2,393.09,0.83,1,0,0,0,0,0
2,3,1,73.37,5,294.48,0.5,1,0,0,0,0,0
0,1,1,70.45,1,434.02,0.75,0,1,0,0,1,0
3,0,0,0.99,5,405.46,1.08,0,0,1,0,0,1
2,1,1,40.69,4,184.57,1.33,0,0,1,0,0,0
2,2,0,57.51,5,499.39,1.17,0,1,0,0,0,1
2,3,1,90.2,1,216.64,1.33,0,0,1,0,0,0
0,1,0,30.86,4,136.69,1.08,1,0,0,0,0,0
2,0,1,95.81,0,453.18,1.33,0,1,0,0,0,1
2,2,0,98.47,4,232.6,1.0,0,0,1,0,0,0
3,2,1,55.34,2,57.04,1.33,0,0,1,0,1,0
3,2,1,89.08,4,242.5,1.08,0,0,1,0,0,1
3,2,0,32.96,3,331.69,1.08,0,0,0,0,0,1
0,1,0,49.7,5,384.64,0.83,0,0,0,0,1,0
2,1,0,94.18,2,26.76,1.42,0,0,0,0,0,0
2,1,0,85.88,3,493.37,0.5,0,0,0,0,0,1
1,2,1,51.91,3,461.61,1.25,1,0,0,0,0,1
3,0,0,29.11,2,194.36,1.25,0,1,0,0,0,0
0,2,0,15.21,5,244.49,0.75,0,0,1,0,1,0
0,3,1,24.11,5,229.83,1.33,0,1,0,0,1,0
0,2,0,30.75,4,348.0,1.17,0,0,0,0,1,0
0,2,0,71.03,2,153.82,1.25,0,0,0,1,0,1
1,0,1,18.54,4,396.86,1.0,0,0,0,1,0,0
3,2,1,6.14,2,83.36,1.25,0,1,0,0,0,0
1,0,0,4.1,0,224.04,0.58,0,1,0,0,0,0
1,0,0,49.11,1,144.6,0.83,0,0,0,0,1,0
2,0,1,75.86,3,402.15,1.0,0,1,0,0,0,1
0,1,0,19.67,0,497.99,0.83,1,0,0,0,0,1
0,1,1,69.14,2,495.78,0.75,1,0,0,0,1,0
3,3,0,21.75,4,183.93,0.83,0,0,0,1,0,1
0,2,1,68.26,5,379.95,1.33,0,0,0,1,1,0
1,2,1,42.74,3,337.29,1.08,0,0,1,0,1,0
1,3,1,65.81,3,46.88,0.83,0,0,0,0,0,0
3,2,1,49.37,5,274.83,0.58,0,0,0,0,0,0
3,2,1,49.69,3,77.66,1.42,1,0,0,0,1,0
3,1,1,11.27,4,409.16,0.75,0,0,0,1,1,0
1,2,0,33.35,1,271.09,1.0,0,1,0,0,1,0
3,2,0,71.4,4,382.17,0.58,0,0,0,0,0,1
2,1,0,22.51,1,196.41,0.83,0,0,1,0,0,1
2,0,1,51.6,0,420.0,0.75,0,1,0,0,1,0
2,3,0,85.87,4,248.04,1.17,0,0,1,0,0,1
2,3,1,59.84,5,61.38,0.83,0,1,0,0,0,1
1,1,0,50.5,2,210.71,0.5,1,0,0,0,1,0
1,0,0,74.74,5,417.77,0.5,0,0,1,0,0,1
0,0,1,47.09,5,75.52,1.42,1,0,0,0,1,0
2,2,0,58.16,0,185.42,1.25,0,0,0,0,0,0
1,2,0,62.24,4,103.98,1.42,1,0,0,0,1,0
3,0,1,44.28,3,179.01,0.67,1,0,0,0,0,0
3,0,0,23.81,0,446.83,0.83,1,0,0,0,1,0
0,2,1,6.71,1,41.63,1.0,0,0,0,0,0,0
1,1,0,67.05,4,464.36,0.75,0,1,0,0,0,0
1,0,1,20.43,0,31.84,0.58,0,0,0,1,0,0
0,1,1,47.07,4,102.88,1.0,1,0,0,0,0,1
3,2,0,2.2,4,22.68,0.83,1,0,0,0,1,0
2,1,1,35.03,0,231.03,1.42,0,0,1,0,1,0
2,3,0,29.25,0,474.45,1.33,1,0,0,0,1,0
0,2,0,66.49,4,291.34,1.42,0,1,0,0,0,0
1,1,0,25.26,2,395.88,1.42,0,0,0,0,0,0
1,3,0,75.46,1,488.07,1.08,1,0,0,0,1,0
0,3,0,3.0,2,177.39,0.83,0,1,0,0,0,1
2,0,1,10.82,0,495.27,1.42,0,1,0,0,0,0
2,0,0,57.31,2,170.17,1.33,0,0,0,0,0,1
2,0,1,53.64,4,485.44,1.33,0,0,0,0,0,0
3,0,1,45.01,1,57.45,1.17,0,0,1,0,0,1
3,2,1,47.44,3,295.77,0.83,0,1,0,0,0,1
0,2,0,34.59,1,268.89,1.08,1,0,0,0,0,0
3,0,0,14.08,4,410.58,0.83,0,0,0,0,1,0
2,3,1,86.37,5,234.57,0.75,0,0,0,0,1,0
0,1,1,48.15,0,192.65,1.08,0,1,0,0,0,0
0,0,0,67.98,0,409.81,1.42,0,0,1,0,0,1
2,1,1,89.95,5,196.95,0.58,0,1,0,0,0,1
1,0,1,54.36,5,202.74,1.08,0,0,0,1,0,0
2,2,1,78.9,2,401.1,1.17,1,0,0,0,0,1
2,1,0,94.73,1,379.49,1.17,0,0,0,1,0,1
2,1,1,46.94,2,319.44,0.5,0,0,0,1,0,0
2,1,0,49.65,1,410.33,0.5,0,0,1,0,0,1
3,3,0,77.1,5,53.73,1.33,0,1,0,0,0,0
0,3,0,46.57,4,248.35,0.58,0,0,0,1,0,1
2,3,1,87.05,3,348.37,0.58,0,1,0,0,0,0
1,0,0,81.35,3,377.74,1.33,0,0,1,0,0,0
0,1,0,20.08,2,53.3,1.42,0,0,1,0,0,1
2,2,1,25.15,2,104.18,1.33,0,0,0,0,0,1
0,0,0,1.36,3,206.11,1.17,1,0,0,0,1,0
3,2,1,72.81,2,327.9,1.0,0,0,0,1,0,1
0,1,1,95.29,0,335.38,0.83,0,0,0,0,1,0
2,2,0,15.13,1,118.23,1.17,0,0,1,0,0,0
3,2,1,19.09,4,273.86,1.25,0,1,0,0,1,0
1,3,0,98.53,0,70.52,1.17,0,0,0,0,1,0
3,2,1,85.22,2,315.74,0.5,0,0,0,1,1,0
2,2,0,7.86,2,460.32,0.83,0,0,0,1,1,0
3,2,0,92.28,2,164.56,1.0,0,1,0,0,0,0
0,3,1,29.51,4,30.12,0.83,0,0,1,0,0,1
1,1,1,62.58,3,89.85,0.83,0,0,0,0,1,0
3,2,0,86.19,4,123.15,1.08,0,0,0,0,0,1
0,3,0,60.79,3,419.18,0.83,0,1,0,0,0,1
1,3,1,95.19,0,130.45,1.0,0,0,0,1,0,1
3,2,1,66.4,1,118.43,0.83,0,0,0,1,0,1
1,0,0,7.14,4,111.32,1.42,0,0,0,0,0,0
0,2,0,84.96,0,490.22,1.08,0,1,0,0,0,0
1,1,0,5.82,2,23.11,1.17,0,0,1,0,1,0
2,3,1,52.45,4,282.68,0.58,1,0,0,0,1,0
3,2,1,51.82,3,245.98,1.0,1,0,0,0,1,0
0,2,1,79.23,3,133.11,0.75,0,0,0,0,0,0
0,1,0,29.72,5,44.11,1.25,1,0,0,0,1,0
1,3,0,32.15,0,383.72,0.83,0,0,0,0,1,0
0,1,1,33.6,5,381.86,0.75,0,1,0,0,1,0
3,0,1,87.28,1,213.0,0.83,0,0,0,1,0,1
1,0,0,93.73,0,21.39,1.0,0,0,0,0,0,1
2,1,1,5.78,0,36.49,1.33,1,0,0,0,0,1
1,3,0,51.47,3,32.44,1.08,0,0,1,0,0,1
0,3,1,75.5,1,487.42,0.67,0,0,0,0,1,0
1,2,0,14.53,0,229.58,1.25,0,1,0,0,0,1
2,2,0,57.9,1,176.28,1.08,0,0,1,0,0,1
0,1,1,22.52,5,373.24,1.17,0,0,0,0,0,1
1,0,0,73.52,2,443.47,0.83,0,0,1,0,1,0
1,0,1,46.15,2,73.86,1.0,1,0,0,0,0,1
1,0,0,62.26,4,403.15,1.0,0,0,0,1,0,1
2,3,1,20.28,4,69.66,1.08,0,0,1,0,0,0
1,2,0,5.09,0,368.65,1.08,0,1,0,0,0,1
3,0,1,47.61,0,93.71,1.33,0,0,0,1,0,0
2,3,0,11.01,4,416.14,0.67,0,0,0,1,1,0
1,2,1,74.17,5,311.45,1.25,0,1,0,0,0,1
0,3,0,96.54,3,496.68,1.42,1,0,0,0,0,0
1,3,1,11.26,3,237.71,0.83,0,0,0,0,0,0
2,2,0,81.23,2,352.29,1.17,0,0,0,1,1,0
1,0,0,6.43,3,342.22,0.5,0,0,1,0,1,0
3,1,1,11.54,3,366.23,1.25,1,0,0,0,0,1
2,2,0,50.12,0,38.13,0.67,0,1,0,0,0,0
3,1,0,47.75,4,257.86,0.5,0,0,0,0,0,0
0,1,1,85.08,0,342.43,1.42,0,0,1,0,0,1
0,2,0,4.66,4,352.15,0.75,0,0,1,0,0,0
1,1,1,84.2,5,147.81,0.5,0,0,0,0,0,1
3,0,1,34.9,1,212.52,0.67,0,1,0,0,0,1
3,2,0,62.86,0,318.12,0.58,1,0,0,0,0,1
3,3,1,28.43,3,409.07,0.5,0,0,1,0,0,0
2,3,0,42.17,4,436.04,1.17,1,0,0,0,0,0
0,3,1,79.36,4,269.93,1.0,0,0,1,0,1,0
0,2,0,74.71,4,319.01,0.83,0,0,1,0,0,1
2,0,0,64.4,1,302.38,0.83,1,0,0,0,1,0
1,0,0,4.56,5,458.67,1.17,0,0,1,0,0,0
2,0,0,62.28,2,203.58,1.33,0,1,0,0,1,0
0,3,0,41.21,2,85.48,0.58,0,0,1,0,1,0
1,2,0,23.15,2,186.92,1.08,0,1,0,0,0,1
3,2,1,29.41,5,451.34,1.33,0,0,0,1,1,0
2,0,1,70.82,5,253.71,1.17,0,0,1,0,1,0
0,1,0,59.43,2,292.0,1.25,1,0,0,0,0,1
0,2,1,1.35,4,311.39,1.25,0,1,0,0,1,0
1,0,0,25.95,1,188.61,0.58,0,0,1,0,0,1
1,2,1,1.8,3,357.84,0.58,0,1,0,0,0,0
1,2,1,54.47,4,274.94,1.33,0,0,1,0,0,1
3,2,0,53.71,2,427.7,1.42,0,0,0,0,0,0
2,3,0,52.36,4,36.46,1.08,0,0,0,0,1,0
2,0,1,91.32,4,365.39,0.83,0,0,0,0,0,1
3,2,1,62.05,3,170.6,0.75,0,1,0,0,1,0
1,3,0,4.01,1,487.94,1.17,0,0,0,1,0,1
1,1,0,34.77,5,411.81,1.42,0,0,1,0,1,0
2,0,0,12.83,4,228.54,0.83,0,0,0,0,1,0
3,3,0,31.86,4,429.99,0.58,0,0,0,1,1,0
2,1,1,94.91,0,134.65,0.58,0,0,0,1,0,0
0,3,1,32.12,3,60.56,1.42,0,0,0,0,0,0
3,0,1,46.91,3,400.61,1.0,0,0,0,0,0,0
1,2,0,43.22,5,459.84,1.42,0,0,0,1,1,0
3,1,0,1.7,2,328.02,0.83,0,0,0,1,1,0
3,2,1,65.7,1,69.12,0.75,0,1,0,0,1,0
3,2,1,5.05,0,87.72,1.42,0,0,0,0,0,0
1,1,0,3.24,3,257.41,0.58,0,0,0,0,1,0
1,2,0,78.48,0,50.9,0.5,0,0,0,0,1,0
2,2,1,41.11,4,75.63,0.75,0,0,1,0,1,0
1,1,1,9.62,4,77.01,0.5,0,0,1,0,1,0
3,1,1,10.23,2,220.97,1.42,0,0,1,0,0,1
2,3,0,0.55,5,373.09,0.83,1,0,0,0,0,1
1,3,0,76.11,0,450.67,1.25,0,1,0,0,0,1
0,2,0,93.19,2,52.88,0.58,0,0,0,1,1,0
2,3,0,53.72,4,199.49,1.0,0,0,0,1,0,1
3,1,1,7.83,3,44.73,1.33,0,0,0,1,0,1
3,1,0,0.57,3,63.79,1.17,0,1,0,0,0,0
0,0,0,57.04,2,456.17,0.75,0,0,1,0,0,0
0,3,1,57.41,2,302.61,1.0,1,0,0,0,1,0
2,0,1,53.86,0,268.56,1.17,0,0,0,0,0,0
1,2,0,56.75,0,34.15,0.75,0,0,0,1,0,1
1,2,1,25.86,4,321.23,0.83,1,0,0,0,0,0
3,0,0,48.29,4,156.96,1.42,0,0,0,0,0,1
2,3,0,72.88,4,425.21,1.25,0,0,0,1,0,1
0,2,0,56.69,1,496.87,1.0,0,1,0,0,0,1
1,1,1,92.94,2,477.07,0.83,0,0,1,0,0,0
1,2,0,24.22,1,94.97,0.75,0,0,0,0,0,0
1,0,1,15.8,1,274.5,1.42,0,0,1,0,1,0
3,1,1,91.22,2,335.53,0.83,1,0,0,0,0,0
2,1,0,57.17,0,468.14,1.25,0,0,0,1,0,1
1,2,0,38.35,2,485.75,0.5,0,0,0,1,1,0
2,1,0,71.23,5,402.9,0.75,1,0,0,0,0,0
2,3,0,10.41,4,333.23,0.83,1,0,0,0,0,1
1,3,0,48.71,2,215.82,0.58,0,0,1,0,0,1
3,3,1,67.07,0,408.14,1.17,0,0,1,0,0,0
0,3,1,91.7,2,301.18,1.17,0,1,0,0,0,1
0,2,1,92.9,3,422.93,0.83,0,0,0,1,1,0
3,3,0,6.58,4,349.86,0.83,0,0,0,1,1,0
3,2,1,20.93,0,319.71,0.58,0,0,0,0,0,0
2,1,0,71.47,0,480.87,0.67,0,1,0,0,1,0
3,0,0,79.28,0,352.48,0.5,0,0,1,0,1,0
1,1,0,15.02,0,95.65,1.0,0,0,0,1,0,0
3,3,0,66.4,3,85.53,0.83,0,0,1,0,0,0
3,1,1,51.73,3,325.31,0.75,0,0,0,0,0,1
0,2,0,49.2,0,492.29,1.33,0,0,0,1,0,0
1,3,0,91.45,2,43.89,1.42,0,1,0,0,1,0
1,1,0,55.42,2,334.41,1.42,0,1,0,0,1,0
0,2,0,70.15,5,361.66,0.83,0,0,0,1,1,0
3,0,1,24.4,3,464.58,1.42,0,0,0,1,0,1
0,1,0,82.06,4,215.43,1.08,0,0,0,0,0,0
0,1,0,50.53,1,313.96,1.33,0,0,0,0,0,0
1,0,0,15.96,1,359.54,0.83,1,0,0,0,1,0
1,0,0,61.69,0,46.52,1.33,0,1,0,0,0,0
1,0,1,35.67,0,233.19,1.0,0,1,0,0,1,0
3,0,0,45.23,0,365.66,1.42,0,1,0,0,0,1
0,1,1,48.08,3,74.78,0.75,0,1,0,0,1,0
1,3,0,63.7,1,473.9,0.67,0,0,1,0,0,0
0,0,0,13.78,1,157.3,1.08,0,0,0,0,1,0
2,3,1,79.53,2,191.91,0.58,0,0,0,0,1,0
3,0,0,73.87,1,336.42,1.17,0,0,1,0,0,1
0,2,1,28.97,5,189.03,0.58,0,0,0,0,0,1
3,3,0,5.07,2,306.73,0.58,0,1,0,0,0,1
1,0,0,14.64,0,214.71,0.83,0,1,0,0,1,0
3,1,0,19.64,1,435.44,1.33,0,0,0,0,1,0
2,2,1,60.55,1,287.87,1.0,0,1,0,0,1,0
1,0,0,16.15,3,429.21,1.33,0,1,0,0,1,0
1,2,1,66.39,1,165.06,0.5,0,0,0,1,0,1
3,3,0,78.81,0,30.13,0.83,0,0,0,0,0,1
1,3,0,15.22,2,416.36,0.58,1,0,0,0,0,0
0,2,1,68.76,1,236.26,1.0,0,1,0,0,0,1
2,3,1,3.5,0,118.33,1.0,0,0,0,0,0,1
3,3,0,28.59,4,391.08,1.33,0,0,0,0,0,0
1,3,1,91.74,0,391.85,0.75,0,0,1,0,0,1
2,3,0,89.06,3,60.8,0.75,0,0,0,0,1,0
3,2,0,37.78,4,445.45,1.0,0,0,0,1,1,0
1,0,1,75.43,3,356.02,1.0,0,1,0,0,1,0
2,1,0,99.94,3,308.09,1.0,0,0,0,0,0,0
1,1,0,98.36,5,134.34,0.83,0,0,1,0,0,0
0,1,0,83.27,1,308.04,0.83,0,0,0,0,1,0
1,3,1,74.61,0,479.49,0.58,0,0,0,0,0,1
3,1,0,64.55,4,194.05,1.08,0,0,1,0,0,1
1,3,1,29.17,2,172.65,0.83,0,0,0,0,0,1
0,3,0,83.07,5,103.55,1.42,0,0,0,1,0,0
2,3,1,64.65,2,89.35,1.25,0,0,0,1,0,0
0,2,0,97.01,1,106.13,0.5,0,0,1,0,0,0
0,2,1,2.71,5,300.83,1.17,0,0,0,0,0,0
0,2,0,83.91,4,259.96,1.0,1,0,0,0,0,0
2,3,1,49.46,4,163.9,1.33,0,1,0,0,1,0
1,1,1,27.6,0,25.95,0.75,1,0,0,0,0,0
2,0,1,48.86,0,333.87,1.17,0,0,0,1,1,0
1,3,0,13.61,5,103.64,0.75,0,0,1,0,0,1
1,2,0,22.86,1,205.12,0.5,0,1,0,0,0,0
2,0,0,9.39,3,112.7,0.58,0,0,1,0,0,0
3,3,1,97.19,2,393.46,1.0,0,1,0,0,0,0
0,1,1,16.68,4,399.72,0.67,0,0,0,0,1,0
3,0,0,30.96,1,96.01,1.25,0,1,0,0,1,0
2,1,1,51.04,0,164.63,0.67,0,0,1,0,0,1
2,0,0,24.71,2,40.31,0.67,0,0,1,0,0,0
0,2,0,99.32,0,199.65,1.25,0,0,0,0,0,0
1,1,0,73.81,4,77.73,1.33,0,0,1,0,1,0
2,1,0,62.9,2,110.82,1.17,0,1,0,0,0,1
2,0,0,49.16,0,185.73,0.58,0,0,1,0,1,0
3,0,0,72.77,1,476.42,0.83,0,0,1,0,1,0
1,3,1,42.13,5,289.07,0.83,0,0,1,0,0,1
1,3,1,33.58,4,300.84,0.83,0,0,0,1,1,0
3,3,1,15.99,5,473.21,0.75,0,0,0,0,0,0
2,0,0,35.05,4,427.54,1.25,0,0,1,0,0,0
3,2,1,82.51,3,194.64,1.25,0,0,0,0,0,1
0,0,1,97.73,0,120.39,0.5,0,1,0,0,0,0
1,0,1,95.98,2,375.47,0.5,0,0,0,1,0,1
3,3,1,98.18,3,51.13,0.58,0,0,0,0,1,0
2,0,0,32.75,1,389.95,0.83,1,0,0,0,0,0
2,2,1,55.83,0,150.25,1.0,0,0,1,0,1,0
3,1,1,27.51,2,473.28,1.17,1,0,0,0,0,0
1,0,0,61.14,1,263.18,0.75,0,0,0,1,0,0
2,0,1,73.89,4,155.8,0.67,0,0,1,0,0,0
2,3,1,20.56,4,270.14,0.83,0,0,0,1,0,0
0,1,0,49.81,4,346.73,0.58,0,0,0,0,0,1
1,3,0,71.37,0,466.99,1.17,0,0,0,0,1,0
2,2,0,33.97,4,36.95,1.0,0,0,0,0,0,0
2,1,0,76.88,3,344.71,0.58,0,0,1,0,0,1
0,3,0,53.1,1,192.6,0.83,0,0,0,0,1,0
1,1,0,85.3,2,333.68,1.0,0,0,0,1,1,0
0,2,1,62.16,0,466.59,0.58,0,0,0,0,0,1
0,2,1,28.94,1,296.66,0.58,0,0,1,0,0,0
3,3,0,76.1,3,434.29,0.83,0,0,0,1,0,0
1,1,0,90.14,1,104.16,0.83,0,0,0,0,0,1
3,0,1,25.6,2,129.82,0.67,0,0,0,1,1,0
2,2,1,90.04,4,239.29,0.83,0,0,0,0,0,1
2,0,1,4.88,1,456.3,1.42,0,1,0,0,0,0
1,2,1,76.68,0,475.32,0.83,0,0,0,0,0,0
1,0,0,65.54,5,256.63,1.0,0,1,0,0,0,1
1,3,1,58.39,1,339.15,0.67,0,0,0,0,0,1
1,3,1,48.97,3,62.2,1.33,0,0,0,1,0,1
3,0,0,62.7,2,115.86,0.58,0,0,0,1,0,1
0,1,0,96.45,2,340.54,1.17,1,0,0,0,0,1
2,2,0,38.72,0,257.69,1.17,0,1,0,0,1,0
0,2,1,48.36,0,341.65,1.0,0,0,0,1,0,0
3,3,1,33.1,3,131.36,1.25,0,0,0,1,0,0
1,3,1,87.14,1,138.61,0.83,1,0,0,0,0,0
2,1,0,0.05,4,151.85,0.67,1,0,0,0,0,1
2,1,0,92.58,3,61.88,0.5,1,0,0,0,1,0
3,2,0,77.24,5,415.85,1.33,0,0,1,0,1,0
3,1,1,90.42,0,288.45,0.67,0,0,0,1,0,1
1,1,1,21.34,2,136.68,1.17,0,1,0,0,0,1
3,3,1,87.51,3,493.68,0.5,0,0,0,1,1,0
0,3,1,40.29,3,44.61,0.5,0,0,0,0,0,1
2,1,1,0.49,5,68.13,0.67,1,0,0,0,1,0
3,0,0,21.91,3,374.27,1.17,0,0,1,0,0,0
0,3,1,95.09,0,208.68,1.17,0,0,1,0,0,0
2,0,0,29.01,5,355.58,0.5,0,0,0,0,0,1
2,2,1,42.61,1,93.53,1.17,0,1,0,0,0,0
3,1,1,53.18,1,213.03,1.08,0,0,0,0,0,1
0,0,1,86.33,4,143.02,1.25,0,0,0,1,0,1
1,0,1,0.09,1,411.44,0.58,0,0,0,0,1,0
0,2,1,9.76,4,51.04,1.42,0,0,0,1,0,0
0,3,0,73.75,1,355.11,1.08,0,0,1,0,1,0
0,0,0,16.94,2,333.8,1.0,0,0,0,1,0,0
1,1,1,65.63,1,194.45,1.33,0,0,0,0,0,0
1,2,0,66.09,4,355.55,0.83,0,1,0,0,1,0
1,1,0,5.57,3,480.4,0.5,1,0,0,0,0,1
0,2,1,7.76,1,79.99,0.83,0,0,1,0,0,1
0,2,1,76.15,4,225.59,1.17,0,1,0,0,0,1
3,0,1,85.82,0,360.92,1.42,0,0,0,0,0,1
2,3,0,76.34,4,445.6,1.08,0,1,0,0,0,0
2,1,0,45.43,2,36.23,0.83,1,0,0,0,0,1
3,3,0,98.15,4,453.41,0.83,0,1,0,0,1,0
0,0,0,47.26,5,115.31,1.08,0,1,0,0,0,1
1,1,1,44.23,0,392.48,0.5,1,0,0,0,0,0
0,1,1,18.04,1,427.55,0.83,0,0,0,1,0,0
1,0,0,5.69,4,117.58,0.75,0,1,0,0,0,1
0,0,1,35.79,4,154.62,1.0,0,0,0,0,1,0
3,1,1,64.82,4,234.29,1.08,0,0,0,1,1,0
3,1,0,9.49,2,322.11,1.0,0,0,0,0,1,0
2,3,0,52.01,5,480.58,0.83,1,0,0,0,0,0
2,0,1,82.17,2,339.94,0.83,0,0,0,0,0,0
2,0,0,3.09,4,28.23,1.25,1,0,0,0,0,1
0,1,1,44.15,5,358.9,0.5,0,0,1,0,0,1
3,0,0,54.58,2,101.11,1.33,0,1,0,0,0,1
3,0,0,43.58,0,453.02,0.5,0,0,1,0,1,0
3,1,0,37.3,2,156.9,0.75,0,0,0,1,0,0
1,0,0,91.49,4,112.22,0.75,0,1,0,0,0,0
1,2,1,84.79,2,124.64,1.0,1,0,0,0,0,0
0,2,0,50.58,2,297.27,0.5,0,1,0,0,1,0
3,3,1,92.77,5,132.23,1.08,1,0,0,0,1,0
2,0,1,91.55,5,160.44,1.42,0,1,0,0,1,0
2,1,1,97.92,4,403.52,0.67,0,0,0,1,1,0
1,1,1,53.03,2,312.04,0.58,0,0,0,0,0,1
3,3,0,61.16,4,165.19,0.58,0,0,0,1,0,1
2,0,0,13.32,5,411.38,0.58,0,0,0,1,1,0
0,3,1,94.06,5,27.92,1.25,0,0,1,0,0,0
0,0,0,37.72,1,476.01,0.83,0,1,0,0,0,0
0,3,1,7.67,3,132.99,0.75,0,0,0,1,1,0
2,1,0,23.6,2,266.73,0.67,1,0,0,0,0,0
1,0,0,36.67,2,467.35,0.58,0,0,0,1,0,0
0,0,0,69.98,2,241.09,0.58,0,1,0,0,1,0
3,2,0,54.83,5,249.07,1.42,0,0,1,0,0,1
3,3,0,19.3,5,105.3,0.67,0,0,1,0,0,1
3,0,0,13.6,1,434.34,1.08,1,0,0,0,1,0
0,3,0,48.01,2,313.13,1.25,1,0,0,0,0,0
0,0,1,29.56,2,498.68,0.58,0,0,0,0,0,0
1,0,1,43.93,1,315.13,0.75,0,0,0,0,0,1
0,0,1,39.02,4,53.18,0.83,0,0,1,0,0,0
2,2,0,39.66,4,272.71,0.67,0,0,0,1,1,0
0,2,0,12.03,0,327.45,0.83,0,0,1,0,0,0
3,3,0,18.15,5,372.02,0.5,0,0,1,0,0,1
3,1,0,47.47,0,281.09,1.0,0,0,1,0,0,0
1,1,1,42.88,5,368.09,1.25,0,0,0,0,1,0
2,3,0,5.05,3,40.48,0.5,0,0,0,0,0,1
2,2,1,69.01,0,305.57,1.33,0,0,0,1,1,0
2,3,0,86.77,0,55.34,0.58,0,0,0,1,0,0
1,0,1,94.64,4,382.35,0.5,0,0,1,0,0,1
1,0,1,70.94,0,364.32,1.42,0,0,1,0,0,1
1,1,1,56.66,0,290.0,0.83,0,1,0,0,1,0
2,2,1,73.62,1,293.16,0.67,0,0,0,0,0,1
1,1,1,69.25,0,236.57,0.58,1,0,0,0,0,1
1,2,1,19.84,3,282.4,1.25,0,0,0,1,1,0
0,3,0,51.76,5,431.32,1.25,0,0,0,1,1,0
3,2,0,45.44,1,224.32,0.83,0,1,0,0,1,0
0,2,1,6.95,2,445.8,0.83,1,0,0,0,1,0
0,0,0,92.23,1,219.24,1.0,0,0,0,0,1,0
0,2,0,40.91,5,167.89,1.33,0,0,0,1,0,0
0,1,1,62.68,3,76.97,0.83,1,0,0,0,1,0
0,3,1,95.58,4,342.86,0.67,0,0,1,0,0,0
3,2,0,83.33,2,36.83,0.58,0,1,0,0,0,1
1,1,0,32.13,0,477.77,0.58,0,0,0,1,0,0
3,2,1,93.63,0,118.74,1.25,0,1,0,0,1,0
2,2,0,86.55,4,420.16,0.5,0,0,0,1,1,0
1,3,1,89.91,0,42.31,1.42,1,0,0,0,0,0
2,1,0,42.74,4,424.41,1.33,0,0,0,1,1,0
1,2,1,8.54,4,43.85,1.17,0,1,0,0,0,0
0,0,1,37.25,5,295.95,0.83,0,1,0,0,0,0
2,1,1,33.2,1,440.61,0.75,0,0,1,0,0,1
0,3,1,34.86,2,241.83,0.83,1,0,0,0,0,1
1,3,1,70.92,1,313.44,1.0,0,0,0,0,0,0
2,3,1,94.84,4,459.98,1.33,0,0,0,1,1,0
1,1,0,14.7,3,34.6,0.67,0,1,0,0,0,1
1,3,0,52.56,3,482.57,1.42,0,0,1,0,1,0
3,0,1,70.06,3,430.96,1.25,0,1,0,0,1,0
0,2,1,63.63,0,262.7,1.25,0,1,0,0,0,1
2,2,1,6.08,3,424.17,0.58,0,0,0,0,0,0
2,3,1,16.36,0,70.66,1.42,0,0,0,0,1,0
1,1,1,78.2,2,89.62,1.33,0,1,0,0,0,1
0,3,0,18.91,0,291.6,0.83,0,1,0,0,0,0
3,1,0,88.13,3,414.88,1.0,0,1,0,0,0,0
0,2,0,61.06,2,154.35,1.25,0,1,0,0,1,0
1,0,0,92.2,4,296.96,1.25,0,1,0,0,0,0
2,3,0,33.73,5,199.77,0.5,0,0,0,1,0,1
3,2,0,96.4,4,130.66,1.42,0,0,0,0,1,0
2,1,0,56.52,2,329.6,0.83,1,0,0,0,0,1
3,1,1,10.86,1,279.48,0.83,0,0,0,1,1,0
2,0,0,9.85,2,386.82,0.83,0,1,0,0,1,0
2,1,0,30.15,3,152.62,1.33,1,0,0,0,1,0
2,1,0,94.23,1,121.66,1.33,0,1,0,0,0,1
1,1,0,42.81,5,209.54,0.75,0,0,0,1,1,0
0,0,0,0.87,5,463.02,1.17,0,1,0,0,0,1
2,2,1,42.65,4,102.6,0.5,0,0,0,1,0,1
0,1,1,36.5,5,179.48,1.17,0,0,0,0,1,0
0,2,1,23.75,5,290.77,1.17,1,0,0,0,0,1
3,2,0,43.69,5,50.31,0.5,1,0,0,0,0,0
0,3,1,26.87,1,368.76,0.58,1,0,0,0,0,0
1,3,0,56.37,0,276.95,1.42,0,0,0,1,0,0
0,2,1,90.25,3,266.0,1.25,0,0,0,0,1,0
2,2,0,58.53,0,126.25,1.33,1,0,0,0,0,0
2,3,0,84.65,1,209.32,0.83,1,0,0,0,0,0
2,2,1,89.43,2,227.52,0.83,0,0,0,0,0,1
1,1,0,96.63,0,93.34,1.33,0,0,0,1,1,0
0,2,0,65.22,2,472.0,0.83,1,0,0,0,0,1
3,3,0,88.32,0,476.1,0.5,0,0,0,0,0,0
3,1,1,81.79,1,59.57,1.08,0,0,0,1,1,0
2,0,1,73.54,4,344.36,1.42,0,0,0,1,0,1
3,0,0,24.21,4,101.91,0.75,0,0,0,1,1,0
0,0,0,75.04,1,76.27,1.08,0,1,0,0,0,0
1,2,1,29.71,5,333.04,0.5,0,1,0,0,0,0
0,0,1,21.19,3,218.08,1.0,0,0,0,0,0,0
0,2,1,83.25,5,106.35,0.58,0,0,0,1,1,0
3,0,1,72.5,1,142.63,0.83,0,0,0,0,1,0
2,2,0,61.05,5,248.7,0.83,0,0,0,1,1,0
0,0,0,86.41,2,75.68,1.17,0,0,0,1,1,0
2,2,1,17.97,0,365.41,1.33,0,1,0,0,1,0
3,3,1,34.62,4,493.98,0.83,0,1,0,0,0,0
3,0,0,13.28,1,311.96,0.75,0,0,1,0,1,0
1,1,1,73.22,3,266.74,1.08,0,1,0,0,0,1
2,3,1,60.92,2,225.96,1.17,0,0,0,1,0,0
0,0,1,98.7,1,240.35,0.83,0,1,0,0,1,0
0,0,0,84.62,1,400.01,1.42,0,1,0,0,0,1
3,0,0,73.31,5,294.14,0.58,1,0,0,0,0,0
2,1,0,5.25,4,84.59,1.17,0,0,0,1,0,0
2,3,0,41.36,2,442.79,0.83,0,0,0,1,0,0
0,1,1,38.89,3,79.58,1.0,0,0,1,0,1,0
3,2,1,46.07,4,272.32,0.5,1,0,0,0,0,1
1,0,1,16.06,3,330.25,1.0,0,0,0,0,0,1
2,2,1,4.37,1,407.32,1.25,0,0,1,0,1,0
0,1,1,10.6,5,302.99,0.83,1,0,0,0,0,0
3,1,0,10.95,5,44.44,0.58,0,0,0,0,0,0
0,2,1,84.77,5,328.7,1.33,0,0,0,0,0,1
1,0,1,26.04,0,82.86,1.0,1,0,0,0,0,1
2,0,1,43.15,2,76.98,1.0,0,1,0,0,1,0
1,2,1,6.42,1,44.54,1.25,1,0,0,0,1,0
2,3,1,52.93,5,320.16,0.83,0,0,0,0,0,0
1,1,0,82.61,4,453.96,1.33,0,1,0,0,1,0
3,1,0,83.62,2,65.28,0.58,0,0,0,0,0,0
1,1,1,62.42,0,104.58,1.08,1,0,0,0,0,1
3,0,0,79.36,3,287.87,1.08,1,0,0,0,1,0
2,2,0,51.23,5,391.39,0.67,0,1,0,0,0,0
1,1,0,21.77,4,407.64,0.58,0,0,0,1,0,1
3,2,1,53.52,0,165.01,1.33,0,0,1,0,0,0
0,1,1,88.71,2,93.19,1.0,0,0,0,0,1,0
1,3,0,85.17,1,190.72,1.08,0,0,1,0,1,0
0,2,0,49.62,2,334.88,1.17,0,1,0,0,0,0
3,3,0,58.01,4,156.02,0.75,0,0,0,1,1,0
2,2,1,39.05,2,406.19,0.83,1,0,0,0,0,1
1,3,0,30.84,2,401.04,1.17,1,0,0,0,0,0
2,0,0,77.88,4,32.6,0.58,0,0,0,1,0,1
3,0,0,59.28,1,462.29,1.25,0,1,0,0,0,0
2,1,0,42.6,1,210.06,0.5,0,1,0,0,0,0
3,3,0,21.56,4,221.49,1.17,1,0,0,0,1,0
2,1,0,5.8,5,34.31,1.42,0,0,1,0,1,0
1,1,0,75.17,1,385.56,1.08,0,0,0,1,0,0
1,0,0,70.12,3,188.14,0.83,1,0,0,0,0,0
3,0,1,21.19,4,401.95,1.0,0,0,0,0,0,1
1,3,1,97.88,1,338.67,0.58,0,1,0,0,1,0
0,1,1,63.0,3,163.23,0.5,0,0,0,1,0,1
2,3,1,79.03,1,196.19,1.33,0,0,1,0,1,0
3,3,1,66.64,0,87.09,1.08,0,1,0,0,0,1
3,2,1,26.14,1,275.88,1.42,1,0,0,0,0,0
2,1,1,46.4,1,294.36,1.33,0,0,1,0,1,0
1,3,0,80.3,1,64.88,0.5,1,0,0,0,0,0
3,0,1,48.17,4,246.58,1.0,0,0,0,0,0,0
3,3,0,40.34,2,117.95,0.67,0,1,0,0,0,1
3,2,1,62.34,5,348.41,0.75,0,1,0,0,1,0
1,0,0,25.49,1,65.63,1.0,0,0,0,1,1,0
3,1,0,3.39,2,158.39,0.83,0,0,0,0,1,0
1,0,1,79.07,5,418.72,0.83,1,0,0,0,0,0
0,3,1,29.29,4,116.16,1.17,0,0,1,0,1,0
0,1,1,96.71,2,438.86,0.83,0,0,0,1,1,0
2,2,1,31.94,2,182.15,0.75,0,0,1,0,0,0
1,3,1,42.05,4,247.37,1.17,0,0,0,1,1,0
3,1,1,21.55,4,477.93,0.75,1,0,0,0,0,0
2,1,1,21.46,3,409.42,1.33,0,0,0,0,1,0
2,1,0,28.26,4,351.65,1.25,0,1,0,0,0,0
3,1,1,39.86,0,290.12,0.58,0,1,0,0,0,1
2,3,0,5.64,4,73.06,1.08,0,0,0,0,1,0
0,3,1,34.78,1,470.54,1.08,0,1,0,0,0,1
1,0,1,17.84,2,161.64,1.0,0,0,0,0,0,0
1,3,0,13.92,5,466.7,0.5,0,0,0,1,0,1
1,1,1,94.34,2,373.58,1.25,0,0,1,0,0,0
1,1,0,33.34,3,264.16,0.83,0,1,0,0,1,0
2,0,1,77.02,4,494.43,1.42,1,0,0,0,1,0
2,2,1,59.66,2,150.62,0.83,0,0,1,0,0,1
3,2,1,65.32,0,403.93,1.17,0,0,0,0,1,0
2,1,0,49.94,2,465.76,1.25,0,1,0,0,0,0
0,0,1,11.07,2,271.51,0.67,1,0,0,0,0,0
1,2,1,48.54,4,293.57,1.0,1,0,0,0,0,0
0,3,0,38.94,2,470.76,0.5,0,0,1,0,0,1
3,2,1,48.83,1,310.41,0.5,0,0,0,0,1,0
1,3,1,10.59,5,270.83,0.75,1,0,0,0,0,0
1,2,0,8.14,4,74.83,1.08,0,1,0,0,0,1
2,3,1,50.63,5,465.41,0.5,1,0,0,0,0,0
0,1,0,81.13,0,258.94,0.83,0,0,0,0,1,0
1,2,1,69.61,5,114.06,0.5,0,1,0,0,0,0
2,0,0,33.55,4,174.4,1.08,0,0,0,1,0,0
3,1,0,6.4,5,318.26,1.17,0,0,0,0,0,1
2,0,1,70.73,4,132.08,1.42,0,0,0,1,0,0
2,0,1,68.77,5,67.82,1.17,0,1,0,0,1,0
0,2,0,7.37,2,42.31,1.42,1,0,0,0,0,1
2,0,0,27.91,3,121.59,1.0,0,0,1,0,0,0
0,0,0,69.01,2,478.06,1.08,0,1,0,0,1,0
0,3,1,51.56,5,278.11,1.08,0,0,0,1,0,1
2,3,0,55.99,2,354.71,1.33,0,0,0,1,1,0
1,3,0,74.14,2,260.92,0.5,0,0,1,0,0,1
3,2,1,5.68,2,224.24,1.33,1,0,0,0,0,1
1,2,0,59.59,4,67.0,0.75,0,0,0,0,0,1
2,2,0,86.81,5,218.72,0.83,0,1,0,0,0,0
1,1,1,85.69,1,87.42,1.25,0,0,0,1,0,0
0,0,0,9.31,2,142.79,1.33,0,0,0,1,0,0
2,0,1,89.96,3,496.8,0.5,0,0,1,0,1,0
3,3,1,55.75,5,160.63,0.67,0,0,0,1,0,1
3,0,0,36.6,4,447.93,0.5,0,0,0,0,0,0
0,3,1,85.07,1,146.16,0.83,0,0,1,0,0,1
0,1,1,39.23,3,359.73,1.42,0,0,1,0,0,1
0,3,1,4.25,4,273.36,1.17,0,1,0,0,0,1
0,3,1,77.06,3,346.52,0.83,0,0,1,0,1,0
1,3,0,70.31,1,441.12,1.0,0,0,1,0,0,0
2,1,1,24.01,5,350.35,0.83,0,0,1,0,0,0
1,2,1,42.82,0,129.42,0.67,0,0,0,0,1,0
1,2,0,54.71,2,412.26,0.58,0,0,1,0,0,0
